,sim_0,sim_1,sim_2,sim_3,sim_4,sim_5,sim_6,sim_7,sim_8,sim_9,sim_10,sim_11,sim_12,sim_13,sim_14,sim_15,sim_16,sim_17,sim_18,sim_19,sim_20,sim_21,sim_22,sim_23,sim_24,sim_25,sim_26,sim_27,sim_28,sim_29,sim_30,sim_31,sim_32,sim_33,sim_34,sim_35,sim_36,sim_37,sim_38,sim_39,sim_40,sim_41,sim_42,sim_43,sim_44,sim_45,sim_46,sim_47,sim_48,sim_49,sim_50,sim_51,sim_52,sim_53,sim_54,sim_55,sim_56,sim_57,sim_58,sim_59,sim_60,sim_61,sim_62,sim_63,sim_64,sim_65,sim_66,sim_67,sim_68,sim_69,sim_70,sim_71,sim_72,sim_73,sim_74,sim_75,sim_76,sim_77,sim_78,sim_79,sim_80,sim_81,sim_82,sim_83,sim_84,sim_85,sim_86,sim_87,sim_88,sim_89,sim_90,sim_91,sim_92,sim_93,sim_94,sim_95,sim_96,sim_97,sim_98,sim_99
indicator_0,0.0800157639519542,0.08715751957642949,0.08546460821438974,0.09255153270163291,0.08537550761638767,0.0963485889549528,0.08934391117355774,0.09137951714329774,0.0684738095646065,0.08932334949709568,0.08036531245180857,0.08973458302633608,0.09013896266342249,0.07933037473655354,0.09071468960435908,0.07608848374770821,0.10329158170696184,0.08784976268398416,0.09824026318945875,0.08923424889909358,0.08858998303661696,0.07540309453230751,0.08194170764723017,0.0859717962337863,0.09316838299549356,0.08275732081355704,0.10317506554034372,0.08833638902691866,0.08323023937218346,0.0819554154315382,0.08940559620294376,0.07693151248265111,0.08022823460872844,0.07475882866983088,0.09138637103545173,0.09084491355528522,0.08536865372423366,0.10205102722708659,0.07754836277651173,0.10075564160997927,0.09529308956323576,0.08415551481297444,0.09257209437809495,0.09589623207278836,0.08408697589143435,0.09257209437809495,0.09427871352444273,0.08730145131166363,0.1063004403625709,0.08980997584003018,0.08763043813505596,0.08866537585031099,0.08222957111769846,0.08491629684206917,0.09499151830845942,0.091591987800072,0.09608814105310054,0.07512893884614727,0.08012542622641833,0.09375096382858414,0.09791813025822041,0.07865869330546084,0.09183872791761619,0.09514915782800158,0.0864172992237967,0.07922756635424343,0.08401843696989429,0.08571134833193401,0.09001559260465038,0.07338119634687548,0.09377837939720021,0.1030311338051096,0.08164699028460784,0.08299720703894727,0.09006356984972844,0.0929970356916434,0.09276400335840718,0.10113260567844966,0.08560853994962393,0.08743852915474376,0.08964548242833402,0.08817189561522251,0.08116721783382741,0.09080379020236112,0.10609482359795072,0.07907678072685524,0.09861037336577506,0.08754133753705388,0.08997446925172634,0.08915885608539952,0.09559466081801206,0.08112609448090334,0.09503949555353747,0.09204434468223643,0.08993334589880232,0.09560151471016605,0.07828858312914447,0.08100957831428524,0.08451191720498279,0.0938743338873563
indicator_1,0.08951525847740789,0.08463528726375494,0.0919895135450044,0.08289439865663716,0.08305203817617932,0.0917016500745361,0.08752077586059183,0.10078991107074935,0.0892685183598636,0.08850088243861483,0.09541645962200784,0.0826476585390929,0.09186614348623226,0.1030791110501876,0.08571820222408802,0.0885694213601549,0.0764380322475626,0.09875430510100924,0.09227737701547267,0.08735628244889566,0.09102311475128941,0.07652713284556466,0.08974829081064412,0.08910402494816742,0.08634190641010263,0.08060519867719883,0.08239406452939467,0.08951525847740789,0.09120816983944754,0.09673240691557716,0.08392933637189219,0.09468994705368314,0.08582786449855212,0.088644814173849,0.07454635801305665,0.09077637463374516,0.0833330477544936,0.08007744898134027,0.0970476859546615,0.10089271945305939,0.08479978067545109,0.09228423090762672,0.08839807405630473,0.09481331711245525,0.093579616524734,0.09874059731670123,0.08945357344802181,0.08386765134250611,0.09136580935898973,0.09906273024793953,0.08780178543890611,0.0805914908928908,0.09522455064169565,0.09593735542571238,0.08937132674217374,0.0856016860574699,0.0907283973886671,0.09038570278096675,0.08586898785147613,0.07682185020818696,0.08075598430458691,0.0943678141224448,0.08037902023611658,0.08059834478504481,0.08347697948972775,0.07954284539332772,0.08928222614417163,0.09002930038895839,0.08681482496872912,0.09323692191703363,0.10275012422679532,0.09003615428111236,0.08236664896077861,0.08329877829372354,0.09717790990558763,0.08065317592227687,0.07606792207124621,0.08355922619557579,0.08070115316735493,0.09948767156148798,0.08246945734308872,0.09392916502458837,0.09474477819091515,0.08762358424290194,0.09107794588852142,0.08064632203012284,0.08458045612652283,0.07939891365809358,0.08897380099724132,0.09135210157468174,0.09443635304398483,0.08364832679357787,0.10116687513921968,0.08978941416356817,0.08893267764431727,0.07942632922670961,0.07973475437363993,0.07935779030516955,0.09191412073131032,0.08793200938983227
indicator_2,0.09236647761347477,0.08876133034046711,0.09578656979832421,0.08539606929284967,0.09917239252240367,0.08808279501722041,0.09575915422970817,0.08247631123524272,0.08525213755761553,0.09096142972190335,0.090625589006357,0.08975514470279808,0.08209934716677234,0.09219513030962459,0.07430647178766642,0.08355922619557582,0.07974846215794794,0.10527235653946988,0.09874745120885527,0.07519747776768732,0.08016654957934238,0.07347715083703157,0.08286698308802115,0.07589657476739603,0.10189338770754441,0.07922756635424343,0.0876098764585939,0.08807594112506638,0.09078322852589914,0.10246226075632701,0.09088603690820929,0.09753431229759597,0.0897757063792601,0.08735628244889568,0.08551258545946781,0.09414163568136256,0.09214029917239254,0.08891896986000929,0.08575247168485803,0.07859700827607477,0.0907626668494371,0.08245574955878071,0.08475180343037304,0.07906992683470125,0.08728774352735563,0.09449118418121691,0.0939017494559723,0.09370298658350613,0.08779493154675212,0.08302462260756327,0.0852178680968455,0.08286012919586712,0.08497112797930124,0.09506005722999952,0.09287366563287128,0.09871318174808523,0.0891520021932455,0.07822689809975837,0.08084508490258908,0.0852384297733075,0.08719864292935353,0.08939188841863574,0.09312040575041548,0.08506022857730333,0.0784050992957626,0.08312743098987338,0.08593067288086222,0.0880759411250664,0.07953599150117374,0.08710268843919741,0.09150974109422391,0.1054916810883981,0.08281900584294306,0.10110519010983361,0.09052963451620089,0.1012833913058378,0.08656123095903086,0.09532735902400577,0.08543033875361969,0.08414180702866642,0.08368259625434794,0.09149603330991586,0.09856925001285105,0.09808262366991656,0.07347715083703157,0.07933722862870755,0.08689021778242319,0.10025530748273671,0.08439540103836464,0.07844622264868664,0.09116019259436954,0.09717790990558764,0.08674628604718906,0.09271602611332916,0.08508079025376537,0.10141361525676393,0.08978941416356817,0.08473124175391099,0.09357276263257999,0.0911190692414455
indicator_3,0.08240091842154863,0.09159884169222597,0.09166738061376606,0.07193502510238,0.09466253148506708,0.08891211596785524,0.09471050873014511,0.08942615787940575,0.09353163927965592,0.08405270643066431,0.08057092921642879,0.09867891228731514,0.0870821267627354,0.09429242130875073,0.10376450026558832,0.08889155429139323,0.10647864155857506,0.08534123815561764,0.10090642723736744,0.08749336029197581,0.0923459159370127,0.1029625948835695,0.09808947756207059,0.08373742739158001,0.09281883449563921,0.09116704648652355,0.08811021058583644,0.08845290519353678,0.08490258905776116,0.0851835986360755,0.09773992906221621,0.08401158307774027,0.08083823101043505,0.09672555302342319,0.0855811243810079,0.08005003341272425,0.09146861774129984,0.08351810284265175,0.09070098182005108,0.07845993043299468,0.09467623926937509,0.09508061890646152,0.09363444766196605,0.08376484296019604,0.0949915183084594,0.10108462843337163,0.08497798187145526,0.08260653518616887,0.08850773633076885,0.08418293038159046,0.08802796387998833,0.09670499134696117,0.08774695430167408,0.09199636743715839,0.09404568119120647,0.08903548602662738,0.08379911242096609,0.08595808844947826,0.08723976628227756,0.08506708246945735,0.089631774644026,0.08264080464693889,0.09044053391819884,0.10000171347303849,0.09283939617210124,0.08858998303661691,0.0897414369184901,0.08732886688027963,0.09649252069018698,0.08731515909597161,0.09011154709480651,0.08875447644831311,0.10083788831582735,0.09181131234900022,0.09048165727112284,0.09420332071074859,0.08950840458525387,0.09784273744452633,0.0869793183804253,0.08280529805863504,0.09570432309247613,0.0997001422182622,0.09040626445742878,0.10900772776340363,0.08377855074450402,0.09024862493788659,0.08795257106629427,0.09580713147478626,0.08185260704922809,0.08877503812477515,0.0846284333716009,0.09394972670105037,0.0912972704374497,0.09397714226966639,0.08953582015386988,0.09692431589588936,0.09492297938691936,0.091619403368688,0.09585510871986429,0.09206490635869846
indicator_4,0.09529308956323573,0.08624595191994656,0.08394989804835423,0.08047497472627271,0.07974846215794795,0.08821301896814655,0.09447062250475491,0.08889155429139323,0.09560151471016604,0.08911087884032143,0.07750038553143367,0.09177018899607614,0.08488202738129914,0.09619094943541066,0.08532753037130959,0.08622539024348452,0.09205119857439044,0.10366169188327819,0.08569078665547197,0.10107777454121761,0.08862425249738694,0.09825397097376673,0.08767841538013398,0.08253114237247476,0.08730145131166363,0.08966604410479603,0.07987868610887407,0.0820033926766162,0.08203766213738627,0.09909014581655558,0.08253114237247476,0.08756189921351588,0.07852846935453472,0.08891896986000924,0.09140693271191375,0.07998834838333817,0.10062541765905315,0.09749318894467196,0.08704100340981137,0.09371669436781412,0.09425129795582668,0.09857610390500506,0.08039958191257861,0.08525899144976953,0.10192080327616047,0.08509449803807338,0.08682853275303715,0.08686280221380716,0.0947036548379911,0.07458062747382668,0.09124243930021762,0.08717808125289152,0.10190024159969845,0.09821284762084267,0.08069429927520089,0.09070783571220506,0.0933739997601138,0.09301074347595142,0.0933945614365758,0.09631431949418277,0.08906975548739743,0.1055122427648601,0.09727386439574376,0.08033104299103858,0.08471753396960298,0.08963177464402597,0.08342214835249566,0.08686965610596116,0.07985127054025808,0.07509466938537723,0.08354551841126778,0.09523825842600366,0.09327804526995769,0.0903514333201967,0.09331916862288173,0.08957008961463991,0.09824711708161273,0.09943284042425594,0.08180462980415006,0.08421719984236045,0.09423759017151866,0.08870649920323505,0.08475865732252705,0.09673240691557718,0.08697246448827127,0.09216771474100857,0.09567690752386013,0.08754133753705388,0.08385394355819813,0.0961224105138706,0.08811706447799042,0.09012525487911448,0.07607477596340022,0.08013913401072632,0.09283254227994721,0.10409348708898064,0.07806240468806223,0.08331933997018558,0.09431298298521273,0.08974829081064405
indicator_5,0.08848032076215281,0.08562224773393187,0.09011840098696049,0.08211990884323436,0.08044070526550265,0.0925104093487089,0.08690392556673118,0.0878977399290622,0.08536865372423368,0.0786175699525368,0.09980295060057227,0.07506725381676119,0.09797981528760642,0.08669145490995699,0.07913161186408732,0.0892753722520176,0.08619112078271447,0.09238018539778274,0.09512859615153958,0.08893267764431727,0.09625948835695072,0.07460804304244271,0.09298332790733536,0.09348366203457788,0.08441596271482671,0.09858981168931305,0.08800740220352633,0.09026918661434864,0.09614982608248661,0.08446393995990471,0.08409382978358836,0.09123558540806359,0.08758246088997788,0.09731498774866777,0.09253782491732492,0.08111924058874935,0.08519045252822949,0.0815373280101438,0.08408697589143438,0.08802796387998836,0.074882198728603,0.08072171484381695,0.08692448724319324,0.08833638902691865,0.09130412432960368,0.09904216857147753,0.0804886825105807,0.09238018539778277,0.08970716745772005,0.09697229314096742,0.08737684412535768,0.10263360806017721,0.0874659447233598,0.08406641421497234,0.08721235071366153,0.07421737118966432,0.09216086084885454,0.0775757783451277,0.09104367642775144,0.08074913041243297,0.07981014718733402,0.09657476739603503,0.09070098182005108,0.09490927160261133,0.08824728842891659,0.09946710988502595,0.0825517040489368,0.09473792429876117,0.084724387861757,0.09102996864344341,0.08966604410479603,0.08021452682442042,0.090653004574973,0.09741094223882388,0.10418258768698276,0.09033087164373466,0.08749336029197584,0.08547831599869775,0.09021435547711658,0.09563578417093604,0.10444303558883504,0.07862442384469083,0.09262007162317301,0.09001559260465036,0.09441579136752282,0.09345624646596187,0.09060502732989496,0.08724662017443152,0.09082435187882319,0.08843919740922877,0.07756207056081972,0.0792207124620894,0.10056373262966707,0.0910231147512894,0.08592381898870825,0.09378523328935422,0.08141395795137162,0.0882952656739946,0.08097530885351516,0.08442967049913472
indicator_6,0.10418944157913672,0.09571803087678415,0.09113963091790753,0.07567039632631381,0.08961806685971795,0.08796627885060229,0.08231181782354655,0.09007727763403642,0.0858141567142441,0.09617724165110261,0.07776083343328595,0.09689690032727338,0.09505320333784546,0.08315484655848941,0.08962492075187199,0.08383338188173609,0.08351810284265178,0.08902177824231937,0.0960538715923305,0.08388821301896818,0.09582769315124826,0.08269563578417095,0.0880485255564504,0.09911756138517162,0.08662976988057093,0.0889806548893953,0.09405253508336048,0.09508061890646151,0.07962509209917583,0.08691077945888522,0.08928908003632563,0.09484758657322526,0.09146861774129982,0.1000085673651925,0.08631449084148662,0.07808982025667828,0.09601960213156044,0.08556741659669986,0.09160569558437996,0.07994037113826014,0.09731498774866776,0.08438169325405664,0.08665033155703296,0.09760970511129008,0.08085193879474309,0.09117390037867758,0.09730127996435974,0.08723291239012355,0.0772399376295814,0.09156457223145595,0.08183889926492008,0.08074227652027896,0.08604718904748031,0.08645156868456677,0.09425815184798068,0.10139305358030193,0.10484056133376742,0.08100272442213122,0.07216805743561625,0.08429944654820856,0.10303113380510959,0.09130412432960368,0.07277805383732286,0.0870067339490413,0.0807080070595089,0.09044738781035282,0.06604067784993403,0.08059149089289079,0.0920443446822364,0.10044721646304897,0.09094086804544128,0.07562927297338977,0.08336046332310963,0.09451859974983291,0.08652010760610686,0.07880947893284898,0.08049553640273469,0.0974246500231319,0.09528623567108171,0.08270248967632496,0.09192097462346431,0.08495742019499325,0.08638988365518067,0.08796627885060229,0.08834324291907265,0.08826785010537859,0.07835026815853056,0.08210620105892634,0.09179075067253814,0.10172204040369426,0.08407326810712631,0.08144137351998769,0.1018385565703124,0.08649269203749081,0.0932163602405716,0.08099587052997721,0.08083137711828103,0.09797981528760646,0.091612549476534,0.09207861414300644
indicator_7,0.08896694710508732,0.0909340141532873,0.09384006442658624,0.09081749798666917,0.09266119497609702,0.08810335669368244,0.08316170045064342,0.09547129075923991,0.09600589434725246,0.10159867034492213,0.09238703928993676,0.09361388598550402,0.08791830160552426,0.08681482496872912,0.09237333150562875,0.07951542982471171,0.07942632922670959,0.09382635664227823,0.09717105601343361,0.10012508353181064,0.08265451243124693,0.09181816624115419,0.0950600572299995,0.08371001182296398,0.08292866811740719,0.0692551532701633,0.09070783571220507,0.07497129932660507,0.10241428351124897,0.08503281300868731,0.07314816401363924,0.08873391477185107,0.09678723805280927,0.08774010040952004,0.09285310395640926,0.08299720703894722,0.09665701410188313,0.09492983327907338,0.08541663096931168,0.0843405699011326,0.07329894964102739,0.08263395075478487,0.08216103219615839,0.09102311475128941,0.08708212676273543,0.09283254227994722,0.07971419269717793,0.08662291598841693,0.0892479566834016,0.09462140813214306,0.09656791350388103,0.09183187402546218,0.09310669796610754,0.08876133034046714,0.09116019259436951,0.08408697589143434,0.08356608008772982,0.08719178903719949,0.08795942495844829,0.09192782851561832,0.08868593752677303,0.08440225493051864,0.08706156508627337,0.08606775072394236,0.08636246808656467,0.07707544421788524,0.09649937458234092,0.08630763694933259,0.08887099261493123,0.09629375781772075,0.0883569507033807,0.08656808485118486,0.08781549322321412,0.08894638542862532,0.0856085399496239,0.08891211596785524,0.09437466801459882,0.08781549322321418,0.10188653381539038,0.09453230753414095,0.09673926080773117,0.0888641387227772,0.08313428488202738,0.0845256249892908,0.10427168828498488,0.09125614708452562,0.08719864292935352,0.07743870050204761,0.10097496615890748,0.09348366203457788,0.10181114100169635,0.07771285618820788,0.08971402134987407,0.08077654598104901,0.09268175665255904,0.09543702129846984,0.08926851835986362,0.09176333510392215,0.0920237830057744,0.08763729202720995
ses_0,0.09163996504515,0.0949092716026113,0.08841863573276677,0.07944003701101765,0.09967958054180019,0.08152362022583579,0.10096125837459947,0.09382635664227823,0.0852864070183856,0.09145490995699186,0.09108479978067545,0.09015267044773054,0.09427871352444268,0.09096828361405734,0.09105053031990541,0.08710954233135138,0.09197580576069636,0.09811003923853258,0.08978941416356817,0.09342197700519184,0.0924076009663988,0.08984424530080021,0.08499168965576326,0.08880930758554512,0.08867908363461899,0.10452528229468308,0.09543702129846987,0.08935076506571168,0.07438186460136048,0.09113963091790749,0.08508079025376539,0.09342883089734584,0.09557409914155003,0.10515584037285178,0.09018008601634654,0.0929970356916434,0.09366871712273606,0.09418275903428659,0.0928051267113312,0.0938606261030483,0.09176333510392215,0.09353163927965592,0.09589623207278836,0.09521084285738765,0.09299703569164337,0.08899436267370334,0.09698600092527543,0.07673960350233887,0.09109850756498347,0.08680111718442111,0.08851459022292285,0.08472438786175704,0.09079008241805317,0.10004283682596257,0.08852144411507686,0.09317523688764755,0.10358629906958414,0.09783588355237231,0.10956974692003221,0.06863144908414866,0.08668460101780298,0.0889875087815493,0.08837751237984272,0.0913383937903737,0.09763712067990613,0.08120148729459742,0.08782234711536815,0.0919415362999263,0.09291478898579532,0.09005671595757443,0.09590993985709632,0.09314096742687755,0.09174277342746014,0.09140693271191379,0.08911773273247547,0.08693134113534723,0.09329860694641973,0.08639673754733468,0.08099587052997721,0.09148917941776187,0.09115333870221552,0.08855571357584688,0.08321653158787552,0.09506005722999944,0.09621151111187268,0.08607460461609637,0.09834307157176879,0.10265416973663924,0.08601977347886433,0.09198265965285037,0.08930964171278763,0.07247648258254658,0.08769212316444203,0.08683538664519116,0.08475180343037302,0.10072822604136322,0.1069652679015096,0.10662257329380924,0.08477236510683504,0.08771953873305803
ses_1,0.09220883809393261,0.08244204177447267,0.09022120936927057,0.08687650999811516,0.08598550401809428,0.08195541543153818,0.07621185380648035,0.08489573516560717,0.0932232141327256,0.08028306574596047,0.08198968489230823,0.09110536145713748,0.08721920460581556,0.09795925361114442,0.08972772913418212,0.07869296276623088,0.0858141567142441,0.09615667997464059,0.08582101060639809,0.09050907283973891,0.08061890646150684,0.07682870410034098,0.09440208358321482,0.08045441304981064,0.09181131234900018,0.09642398176864683,0.10909682836140576,0.0973081338565138,0.09623207278833472,0.09421702849505668,0.0941073662205925,0.09100255307482735,0.09941913263994791,0.09571117698463018,0.08549202378300576,0.08769212316444201,0.08209249327461832,0.08575247168485803,0.09121502373160159,0.08390192080327616,0.10522437929439184,0.09463511591645106,0.08511505971453538,0.08195541543153818,0.09180445845684618,0.08353866451911379,0.06904268261338907,0.09884340569901129,0.10257192303079114,0.08398416750912421,0.08547146210654376,0.0918250201333082,0.088658521958157,0.0947036548379911,0.08955638183033186,0.08514932917530545,0.0974040883466699,0.0928805195250253,0.0953616284847758,0.09978238892411027,0.09534106680831377,0.08281215195078909,0.08459416391083086,0.09521769674954166,0.10190024159969845,0.08843234351707475,0.0877606620859821,0.09760285121913605,0.08684909442949916,0.08583471839070612,0.08759616867428593,0.09407995065197647,0.09551241411216396,0.08432000822467058,0.09502578776922946,0.08005688730487828,0.0963485889549528,0.07256558318054863,0.08776066208598207,0.09745206559174792,0.08024879628519045,0.08708898065488938,0.08732201298812566,0.08295608368602321,0.09671184523911516,0.08780178543890611,0.07632151608094447,0.09035143332019673,0.08882986926200716,0.08609516629255841,0.08889840818354725,0.08561539384177792,0.08378540463665801,0.09617724165110261,0.09532735902400578,0.08080396154966502,0.08693819502750126,0.09291478898579532,0.08364147290142387,0.07814465139391033
ses_2,0.07928239749147549,0.08290810644094514,0.07421051729751031,0.08959065129110194,0.09806891588560854,0.08661606209626292,0.07673274961018486,0.09706824763112351,0.08983739140864619,0.0782200442076044,0.09475848597522318,0.08423090762666849,0.08861054471307896,0.09390860334812631,0.07519747776768732,0.10991929541988657,0.10269529308956322,0.08554685492023785,0.08728774352735559,0.09281883449563921,0.08933020338924967,0.0883363890269187,0.09054334230050892,0.08810335669368247,0.09524511231815766,0.08079710765751101,0.0864721303610288,0.09148232552560787,0.09942598653210194,0.09756172786621205,0.08699302616473331,0.07138671373005943,0.09660218296465106,0.08280529805863504,0.08225013279416049,0.07599938314970614,0.0954438751906239,0.08120834118675142,0.10279810147187336,0.0842377615188225,0.0859306728808622,0.09723959493497371,0.08268878189201691,0.08031733520673053,0.08375798906804202,0.09169479618238208,0.10203046555062457,0.07972104658933193,0.10049519370812701,0.10085844999228936,0.08741796747828175,0.07680128853172498,0.07932352084439953,0.08610202018471241,0.08132485735336954,0.07839139151145455,0.08557427048885384,0.08624595191994655,0.09331231473072771,0.09425129795582667,0.0972464488271277,0.08146193519644969,0.09575915422970818,0.07882318671715702,0.09287366563287129,0.10198248830554653,0.09508061890646152,0.07879577114854096,0.08460787169513886,0.10188653381539044,0.07811038193314027,0.08556741659669985,0.08686965610596116,0.08265451243124694,0.09215400695670056,0.10458011343191516,0.08506022857730335,0.08595123455732429,0.08807594112506638,0.09786329912098835,0.10325731224619179,0.0862870752728706,0.08279844416648105,0.09475163208306916,0.09039941056527474,0.09386062610304824,0.09928205479686776,0.09396343448535836,0.09891194462055138,0.08198968489230819,0.09782217576806428,0.08002261784410825,0.08529326091053957,0.10642381042134301,0.09557409914155005,0.09205119857439044,0.09268861054471304,0.0833467555388016,0.09248984767224691,0.08844605130138278
ses_3,0.08952211236956188,0.09373040215212212,0.08497112797930126,0.08203766213738631,0.08941930398725174,0.08227069447062252,0.0862939291650246,0.0994122787477939,0.08686280221380718,0.08805537944860438,0.08955638183033195,0.09943969431640996,0.08761673035074789,0.08930278782063363,0.07815150528606433,0.09352478538750195,0.08401158307774026,0.07229828138654237,0.08761673035074796,0.08338102499957163,0.0907215434965131,0.0926954644368671,0.09622521889618067,0.0910985075649835,0.0996521649731842,0.09331916862288173,0.08700673394904133,0.08375113517588802,0.08928222614417163,0.08328507050941553,0.08436798546974864,0.08235294117647063,0.0928051267113312,0.09024862493788662,0.08212676273538834,0.09124243930021762,0.08820616507599255,0.09690375421942735,0.08376484296019603,0.0843268621168246,0.08683538664519112,0.09638285841572285,0.09056390397697092,0.0912698548688337,0.08378540463665803,0.09180445845684619,0.09811003923853258,0.09153030277068588,0.08476551121468104,0.09355905484827196,0.0949709566319974,0.07747296996281762,0.07783622624697999,0.09262692551532702,0.0815990130395298,0.09953564880656604,0.0958414009355563,0.10119429070783571,0.09540960572985384,0.08851459022292285,0.09317523688764755,0.08340158667603366,0.10109148232552563,0.09555353746508798,0.07913161186408732,0.07896711845239117,0.08972087524202807,0.09861037336577509,0.08180462980415006,0.08758246088997787,0.086712016586419,0.09695173146450542,0.08851459022292285,0.08888470039923924,0.07843936875653261,0.08378540463665803,0.09046794948681482,0.08451191720498279,0.08825414232107055,0.09735611110159177,0.0879525710662943,0.09039255667312077,0.09126985486883366,0.0773427460118915,0.07549904902246364,0.08619112078271451,0.09048851116327684,0.09227052312331865,0.10031699251212282,0.08059149089289083,0.08900807045801135,0.07652713284556467,0.09726701050358971,0.08726032795873957,0.09759599732698203,0.08593752677301623,0.09436781412244477,0.0889600932129333,0.09190726683915629,0.08943986566371377
ses_4,0.08397045972481623,0.08800740220352636,0.09211288360377654,0.10085159610013536,0.07675331128664692,0.10185226435462037,0.08774010040952007,0.09274344168194516,0.08788403214475421,0.10111889789414162,0.08061205256935283,0.09851441887561899,0.09693116978804338,0.08419663816589848,0.08771953873305803,0.08110553280444133,0.09285310395640926,0.09098199139836535,0.09351793149534796,0.09326433748564966,0.07512893884614723,0.08706841897842738,0.09621151111187266,0.09281883449563921,0.08766470759582602,0.08055036753996676,0.08618426689056047,0.0875824608899779,0.08371001182296398,0.08210620105892634,0.08929593392847962,0.08925481057555561,0.08706156508627337,0.08709583454704341,0.09769880570929215,0.08333304775449356,0.07795959630575211,0.08566337108685594,0.08989907643803223,0.08011171844211032,0.08273675913709498,0.08575932557701203,0.07566354243415978,0.09184558180977022,0.08987166086941623,0.09299018179948937,0.0878634704682922,0.0856085399496239,0.09538904405339184,0.08792515549767822,0.0826339507547849,0.08380596631312008,0.09248299378009284,0.09166052672161203,0.08190743818646017,0.08804167166429637,0.07833656037422253,0.0932163602405716,0.08417607648943645,0.08929593392847966,0.0815853052552218,0.08783605489967618,0.08792515549767824,0.10210585836431864,0.08121519507890547,0.09820599372868874,0.09142749438837579,0.08698617227257929,0.07954284539332773,0.08246945734308872,0.09858981168931308,0.0856016860574699,0.0822569866863145,0.09128356265314166,0.0930175973681054,0.08649269203749078,0.08343585613680371,0.07694522026695907,0.08280529805863507,0.07692465859049706,0.08460787169513889,0.0878771782526002,0.09059131954558698,0.09426500574013469,0.08909031716385941,0.0783297064820685,0.09691746200373537,0.08265451243124693,0.08164699028460791,0.07966621545209987,0.08676684772365108,0.0780144274429842,0.09702027038604547,0.10056373262966704,0.0972464488271277,0.08260653518616888,0.08579359503778206,0.09933688593409984,0.08813077226229846,0.09388118777951031
ses_5,0.08030362742242253,0.09238703928993681,0.08128373400044547,0.09989890509072842,0.07601309093401414,0.08120834118675141,0.07431332567982042,0.08578674114562808,0.08983739140864619,0.0849505663028392,0.09569061530816812,0.08817874950737652,0.09809633145422457,0.08686280221380716,0.08512876749884342,0.0878703243604462,0.09089974469251726,0.07924812803070543,0.09755487397405804,0.09328489916211169,0.09174962731961417,0.092613217731019,0.09815801648361064,0.09546443686708589,0.090618735114203,0.08641044533164272,0.0843200082246706,0.09043368002604478,0.09508747279861553,0.09737667277805383,0.09128356265314166,0.07901509569746921,0.08292181422525316,0.09932317814979182,0.09014581655557648,0.08744538304689775,0.09506691112215351,0.07966621545209987,0.096540497935265,0.10168777094292421,0.0885420057915389,0.0986994739637772,0.08652696149826081,0.0860197734788643,0.08416922259728242,0.0871849351450455,0.08782234711536815,0.09820599372868867,0.08189373040215213,0.09263377940748103,0.0964513973372629,0.08726032795873957,0.08485461181268314,0.09752060451328795,0.0819828310001542,0.08048868251058072,0.08514247528315139,0.09148917941776186,0.08233237950000855,0.09384691831874029,0.08786347046829215,0.09477219375953123,0.08759616867428593,0.08852144411507681,0.0856153938417779,0.09342883089734581,0.09084491355528522,0.09704083206250748,0.08249687291170471,0.08709583454704344,0.0808793543633591,0.10285978650125942,0.09726015661143571,0.09295591233871936,0.07530028614999741,0.0920374907900824,0.10113260567844967,0.0873836980175117,0.08675999383149706,0.07905621905039323,0.07981014718733402,0.09586881650417231,0.08591011120440022,0.088672229742465,0.08586213395932216,0.09279141892702318,0.08946042734017579,0.08861054471307893,0.09710251709189358,0.09039941056527477,0.08789773992906222,0.08309316152910334,0.08472438786175701,0.07959082263840579,0.08988536865372425,0.08659550041980087,0.08161957471599184,0.07630095440448242,0.09810318534637862,0.08451877109713675
ses_6,0.08360034954849986,0.08337417110741766,0.08233923339216256,0.09270231832902111,0.08150305854937372,0.08689021778242323,0.08466270283237094,0.08554685492023786,0.09118760816298555,0.09238703928993677,0.09825397097376672,0.0986103733657751,0.08808279501722047,0.08763043813505594,0.08302462260756327,0.0879731327427563,0.08371001182296398,0.08956323572248592,0.08959750518325596,0.07624612326725036,0.0819759771080002,0.08763729202720995,0.08233237950000856,0.08925481057555561,0.09030345607511867,0.1036548379911242,0.08972087524202807,0.08690392556673118,0.09622521889618066,0.09514915782800158,0.09886396737547336,0.09118760816298556,0.08282585973509708,0.08792515549767824,0.09945340210071794,0.09854868833638905,0.08357978787203783,0.08140710405921765,0.10075564160997928,0.0830246226075633,0.08078339987320296,0.08582101060639809,0.08613628964548241,0.0812768801082915,0.09735611110159181,0.09231850036839673,0.08614999742979042,0.08397045972481626,0.08805537944860438,0.08582101060639809,0.08636246808656464,0.09336714586795977,0.07162659995544969,0.09079693631020715,0.08776066208598204,0.090591319545587,0.086670893233495,0.07842566097222459,0.07749353163927965,0.088644814173849,0.10172889429584825,0.11018659721389287,0.10060485598259114,0.07577320470862389,0.08699988005688726,0.08556056270454589,0.09667757577834513,0.0899401997909563,0.09048851116327683,0.09687633865081131,0.09575230033755418,0.08772639262521202,0.09212659138808454,0.08882986926200719,0.08650639982179881,0.09935059371840786,0.08872706087969706,0.08796627885060233,0.08377169685235004,0.09507376501430753,0.08213361662754239,0.08435427768544061,0.08768526927228802,0.0723462586316204,0.0893644728500197,0.0937029865835061,0.09201692911362043,0.09013896266342251,0.08822672675245455,0.08654066928256882,0.08919997943832353,0.08880245369339111,0.08559483216531587,0.08535494593992567,0.08677370161580508,0.09014581655557648,0.09309984407395351,0.09366871712273607,0.08870649920323503,0.07852161546238072
ses_7,0.08427888487174653,0.08682853275303712,0.08957694350679393,0.09385377221089429,0.0924007470742448,0.09246243210363084,0.08976885248710612,0.092620071623173,0.1021469817172427,0.07742499271773957,0.08953582015386986,0.10043350867874096,0.08771268484090403,0.08940559620294376,0.08913144051678348,0.08372371960727197,0.0967461146998852,0.08841863573276677,0.10059800209043711,0.0815578896866058,0.08220900944123649,0.08910402494816744,0.10209900447216463,0.09251040934870892,0.09300388958379738,0.0883432429190727,0.09785644522883429,0.09755487397405806,0.09324377580918766,0.08205822381384834,0.08582786449855212,0.09421017460290262,0.09298332790733536,0.09148917941776188,0.09336714586795979,0.08718493514504551,0.10344922122650402,0.09013210877126851,0.09346995425026984,0.09937115539486982,0.09405253508336048,0.07930981306009148,0.0908517674474392,0.08285327530371311,0.09621151111187266,0.08408697589143435,0.09102996864344337,0.10614280084302873,0.09223625366254866,0.0864104453316427,0.08492315073422323,0.09436781412244476,0.0994191326399479,0.09448433028906292,0.08739055190966571,0.08656123095903086,0.08498483576360924,0.09136580935898977,0.0914343482805298,0.10119429070783571,0.09710251709189355,0.07604736039478417,0.09219513030962459,0.0924007470742448,0.09547129075923991,0.06998851973064206,0.07952913760901972,0.0972395949349737,0.09301074347595141,0.08742482137043575,0.09766453624852213,0.09367557101489006,0.09618409554325662,0.09742465002313185,0.08715751957642948,0.0912013159472936,0.0933945614365758,0.08286012919586712,0.08260653518616887,0.084717533969603,0.0804955364027347,0.09063244289851097,0.08595123455732429,0.09445006082829285,0.09146861774129984,0.09520398896523359,0.08283271362725106,0.09386062610304828,0.08776751597813612,0.08498483576360924,0.10852110142046917,0.08441596271482668,0.08503281300868731,0.09530679734754373,0.09692431589588937,0.08697246448827127,0.08968660578125805,0.0863281986257946,0.08714381179212145,0.07482736759137093
neg_pow_0,0.08826785010537859,0.10009766796319464,0.08217473998046641,0.09813745480714865,0.09460770034783501,0.07495073765014307,0.0786038621682288,0.0996384571888761,0.08517674474392142,0.07945374479532562,0.09035828721235072,0.0862870752728706,0.08912458662462949,0.09220198420177858,0.09301074347595141,0.08715751957642948,0.0842720309795925,0.0833330477544936,0.08617055910625246,0.09162625726084203,0.08976885248710613,0.08949469680094582,0.08528640701838557,0.09334658419149779,0.10388101643220643,0.08209934716677234,0.09351107760319392,0.09540960572985388,0.0922019842017786,0.0947790476516852,0.08823358064460855,0.09536162848477578,0.08020081904011242,0.08774010040952007,0.09424444406367266,0.07993351724610613,0.08954952793817789,0.09512859615153958,0.08652696149826085,0.08265451243124687,0.09112592313359952,0.08319596991141347,0.08921368722263155,0.10460067510837717,0.08608145850825037,0.08917256386970755,0.0905639039769709,0.09623892668048868,0.09037199499665871,0.08998132314388033,0.09214715306454654,0.08987851476157023,0.08747965250766782,0.0744161340621305,0.08024194239303645,0.09724644882712769,0.0913178321139117,0.09525882010246568,0.08059834478504484,0.08107126334367128,0.07360737478795772,0.08177721423553401,0.09081749798666922,0.08813077226229846,0.08260653518616883,0.09936430150271586,0.08190743818646017,0.0930175973681054,0.08774695430167408,0.07700690529634517,0.0734908586213396,0.08547831599869776,0.0813728345984476,0.08144822741214167,0.08218844776477442,0.08793886328198627,0.10033070029643085,0.08310686931341138,0.09615667997464061,0.09643083566080086,0.09334658419149773,0.07904936515823928,0.09423073627936465,0.08954952793817789,0.0872740357430476,0.0833330477544936,0.08510135193022737,0.09451174585767895,0.09059817343774096,0.08726718185089356,0.08972087524202807,0.10861020201847126,0.0912492931923716,0.08419663816589847,0.09790442247391239,0.08564966330254796,0.094600846455681,0.09392916502458838,0.08920683333047753,0.08446393995990474
neg_pow_1,0.09353849317180996,0.09086547523174722,0.08333990164664759,0.08242833399016465,0.08646527646887474,0.08817874950737649,0.08795942495844833,0.0922979386919347,0.09350422371103992,0.09487500214184129,0.09773307517006218,0.08118092561813542,0.09405253508336048,0.09193468240777232,0.08809650280152845,0.09786329912098832,0.08889840818354722,0.09935744761056184,0.08488888127345319,0.08085879268689705,0.09211973749593051,0.08391562858758417,0.09346310035811588,0.086718870478573,0.08514247528315141,0.08712325011565943,0.1022703517760148,0.08379225852881204,0.09916553863024964,0.08728774352735559,0.08826785010537859,0.0931957985641096,0.08725347406658558,0.0846215794794469,0.09112592313359952,0.08377855074450401,0.08547146210654376,0.09374410993643018,0.0925241171330169,0.08547146210654377,0.09709566319973954,0.08824728842891659,0.09750004283682595,0.09676667637634721,0.09345624646596185,0.10852110142046917,0.08381282020527406,0.09181816624115421,0.09335343808365176,0.09783588355237231,0.08552629324377582,0.08830897345830264,0.08695190281180927,0.09924093144394375,0.08668460101780301,0.09445691472044687,0.09027604050650262,0.0966433063175751,0.09092030636897928,0.09262007162317303,0.08148935076506575,0.0888915542913932,0.08048182861842669,0.09438152190675278,0.10425112660852284,0.08723291239012357,0.08963862853618,0.08956323572248594,0.08512876749884345,0.0875756069978239,0.09689004643511932,0.08994705368311029,0.07915217354054936,0.07769914840389988,0.08577988725347405,0.0879731327427563,0.0819759771080002,0.08626651359640854,0.10081047274721132,0.08952896626171587,0.09241445485855278,0.0856153938417779,0.0932163602405716,0.08239406452939463,0.08580044892993612,0.09070783571220507,0.09641027398433885,0.09416219735782458,0.08438854714621068,0.08747279861551381,0.08545775432223572,0.09107794588852144,0.10611538527441268,0.08436798546974868,0.07876150168777095,0.09156457223145595,0.09602645602371447,0.07042031493634449,0.07206524905330612,0.08814448004660647
neg_pow_2,0.09625948835695072,0.08052980586350476,0.08748650639982176,0.10043350867874093,0.09386747999520229,0.08987851476157023,0.08575932557701205,0.09021435547711656,0.08637617587087265,0.09465567759291307,0.08769897705659602,0.09205119857439044,0.09031716385942667,0.09280512671133118,0.08754819142920789,0.0761707304535563,0.0878840321447542,0.07570466578708382,0.0929901817994894,0.08767841538013396,0.08577303336132008,0.08904919381093536,0.08316855434279742,0.08486831959699115,0.08174979866691799,0.08536179983207964,0.08961121296756396,0.08283956751940509,0.09917239252240369,0.07966621545209984,0.08026250406949849,0.09257209437809495,0.09027604050650265,0.08555370881239184,0.07928925138362948,0.10013879131611866,0.08897380099724132,0.09621151111187268,0.0983293637874608,0.09185243570192421,0.07863813162899884,0.07686982745326502,0.09070783571220507,0.08073542262812497,0.09931632425763781,0.09155771833930194,0.08845975908569079,0.08712325011565943,0.08140025016706365,0.09268175665255908,0.09052963451620084,0.0858141567142441,0.08967975188910403,0.08894638542862532,0.08250372680385876,0.09552612189647194,0.08597865012594028,0.08268192799986293,0.07710971367865524,0.10120799849214372,0.09283939617210124,0.09490927160261137,0.09624578057264269,0.0883638045955347,0.09720532547420364,0.08627336748856257,0.08901492435016532,0.08863110638954096,0.09822655540515073,0.08763729202720993,0.08484775792052913,0.08133856513767754,0.09292849677010333,0.08436798546974862,0.08504652079299532,0.08644471479241271,0.08864481417384897,0.084738095646065,0.09423073627936465,0.08530696869484763,0.0923938931820908,0.08668460101780298,0.09235962372132075,0.0956974692003221,0.08597865012594029,0.08766470759582601,0.08745909083120576,0.0933877075444218,0.09177704288823015,0.09601274823940643,0.09153030277068593,0.08539606929284967,0.07994037113826014,0.09841846438546292,0.08996761535957229,0.07699319751203715,0.0928051267113312,0.08735628244889569,0.0997001422182622,0.09919295419886569
neg_pow_3,0.09586881650417232,0.08618426689056048,0.09769880570929215,0.0933808536522678,0.10186597213892838,0.09859666558146708,0.08820616507599253,0.09996059012011446,0.08739740580181973,0.08977570637926013,0.09627319614125875,0.0836346190092699,0.08734942855674166,0.09797296139545243,0.0759445520124741,0.0870889806548894,0.09383321053443223,0.08841178184061277,0.09086547523174719,0.0941142201127465,0.09963160329672212,0.09095457582974935,0.06774044310412775,0.092578948270249,0.09557409914155003,0.08449820942067478,0.09749318894467197,0.09084491355528519,0.08586213395932216,0.07640376278679252,0.08959065129110197,0.08736999023320367,0.08843234351707475,0.0941073662205925,0.07686982745326502,0.09252411713301692,0.08169496752968593,0.09372354825996813,0.08285327530371309,0.07915902743270335,0.09018693990850055,0.10233203680540089,0.08148935076506572,0.08338787889172565,0.09402511951474443,0.08662976988057097,0.09449118418121691,0.07109199636743714,0.08519730642038345,0.09207861414300644,0.10240057572694092,0.08911087884032147,0.08973458302633606,0.08949469680094586,0.0848271962440671,0.0996932883261082,0.09637600452356884,0.09646510512157092,0.08085879268689707,0.08053665975565873,0.08247631123524271,0.08149620465721974,0.08724662017443154,0.07539624064015352,0.08957008961463991,0.09115333870221551,0.09388118777951028,0.09326433748564963,0.09075581295728313,0.10633470982334094,0.09362759376981204,0.09323006802487965,0.08622539024348455,0.09876801288531721,0.0770274669728072,0.09218827641747056,0.07590342865955003,0.08759616867428592,0.09809633145422458,0.08141395795137162,0.08492315073422323,0.09111906924144544,0.09355905484827196,0.09330546083857372,0.08427888487174656,0.08302462260756327,0.08516303695961343,0.09541645962200787,0.09593050153355838,0.09872688953239324,0.096526790150957,0.09148232552560785,0.09379208718150821,0.07899453402100721,0.09788386079745034,0.092606363838865,0.09033772553588867,0.09626634224910467,0.08719864292935352,0.08122204897105943
neg_pow_4,0.08959065129110194,0.08638988365518072,0.09732184164082176,0.08545090043008174,0.0856016860574699,0.0900498620654204,0.08907660937955142,0.08878189201692911,0.0789191412073131,0.08890526207570125,0.084758657322527,0.09383321053443223,0.09348366203457788,0.07271636880793682,0.08057092921642879,0.0806737375987389,0.09492983327907335,0.0946693853772211,0.0981306009149946,0.0907146896043591,0.0878908860369082,0.08627336748856257,0.08556056270454583,0.0887681842326211,0.10168777094292424,0.09376467161289215,0.0849162968420692,0.08484090402837513,0.07892599509946713,0.0831274309898734,0.09956306437518207,0.08205822381384831,0.09166738061376607,0.09327804526995766,0.09354534706396397,0.09221569198608659,0.08636932197871867,0.0805846370007368,0.08868593752677306,0.10311338051095766,0.09084491355528519,0.10181114100169635,0.0826476585390929,0.10078991107074933,0.07801442744298417,0.08686280221380714,0.09571117698463015,0.09631431949418275,0.08201024656877023,0.10834290022446498,0.09134524768252773,0.08892582375216326,0.09012525487911449,0.08854200579153886,0.09671184523911519,0.09843902606192492,0.07112626582820718,0.08887784650708519,0.08271619746063297,0.07845307654084065,0.07602679871832219,0.09211973749593051,0.08120834118675141,0.07593769812032009,0.09044053391819877,0.09279827281917724,0.08782234711536814,0.08699302616473331,0.08248316512739673,0.09057075786912498,0.09399770394612839,0.08183204537276605,0.09608128716094654,0.09009098541834445,0.08730145131166363,0.08933705728140373,0.09039941056527477,0.08466955672452493,0.0856153938417779,0.08662291598841693,0.10083788831582734,0.090639296790665,0.09967958054180015,0.08763729202720995,0.08553314713592981,0.08241462620585664,0.08870649920323506,0.10126282962937577,0.09011840098696049,0.08104384777505527,0.1007967649629033,0.08242148009801067,0.09168108839807407,0.10078305717859529,0.10343551344219598,0.08943301177155977,0.09240760096639877,0.08432000822467058,0.0809821627456692,0.0751563544147633
neg_pow_5,0.09376467161289218,0.0865132537139528,0.09228423090762669,0.08875447644831307,0.08805537944860438,0.1005705865218211,0.09104367642775141,0.07824745977622043,0.08492315073422317,0.08231867171570056,0.0978221757680643,0.101482154178304,0.06696595329072498,0.10190024159969845,0.08463528726375494,0.07735645379619949,0.08573876390055003,0.08172238309830197,0.09544387519062389,0.08379911242096605,0.09061188122204902,0.08049553640273473,0.08397731361697024,0.09255153270163295,0.09804150031699249,0.08702044173334934,0.07308647898425318,0.07268209934716677,0.09304501293672143,0.0775757783451277,0.08519730642038348,0.08632819862579466,0.09341512311303783,0.08569764054762596,0.09444320693613885,0.08696561059611727,0.09640342009218485,0.09782217576806428,0.08734257466458764,0.1127019756344134,0.08860369082092495,0.08506022857730332,0.08691763335103923,0.09102996864344337,0.10821953016569284,0.09506005722999947,0.08682853275303715,0.08673943215503509,0.09141378660406776,0.08103699388290127,0.09246928599578488,0.09316838299549358,0.0922499614468566,0.07677387296310892,0.08776751597813608,0.08845975908569079,0.08784290879183018,0.09055019619266291,0.0895837973989479,0.0777265639725159,0.08861054471307896,0.09497095663199742,0.0981306009149946,0.0852178680968455,0.101461592501842,0.08797313274275631,0.08743852915474376,0.0838265279895821,0.08187316872569012,0.09209232192731451,0.09389489556381832,0.08886413872277722,0.09348366203457788,0.09621151111187266,0.09405938897551447,0.09653364404311096,0.07669162625726085,0.08912458662462945,0.08501225133222531,0.08033789688319254,0.084717533969603,0.092592656054557,0.0903445794280427,0.10281866314833533,0.0751974777676873,0.09303130515241347,0.10002912904165451,0.09108479978067548,0.09025547883004059,0.09985778173780434,0.08664347766487893,0.09324377580918766,0.09806891588560857,0.08490258905776117,0.08970716745772005,0.1002895769435068,0.08460101780298493,0.10069395658059321,0.08341529446034167,0.09040626445742873
neg_pow_6,0.09660218296465106,0.0953821901612378,0.10506673977484965,0.09828824043453677,0.08815818783091449,0.08252428848032076,0.0907078357122051,0.07853532324668872,0.0746834358561368,0.09804835420914651,0.08689707167457719,0.08881616147769916,0.08314113877418138,0.10088586556090541,0.08384708966604412,0.09022806326142456,0.08521101420469149,0.08415551481297444,0.09292849677010336,0.07656825619848873,0.09248299378009288,0.08061890646150684,0.0882952656739946,0.08904233991878134,0.09418961292644058,0.08928908003632562,0.07680814242387896,0.08681482496872914,0.09012525487911448,0.09214715306454656,0.08248316512739673,0.07529343225784339,0.09038570278096675,0.07116738918113123,0.09799352307191447,0.08835009681122667,0.07414197837597024,0.07806240468806223,0.08717122736073746,0.10529291821593185,0.09305186682887545,0.08935761895786573,0.0860266273710183,0.07974846215794794,0.08673943215503502,0.08641729922379672,0.09019379380065455,0.09047480337896883,0.09113277702575348,0.08507393636161137,0.09009098541834448,0.09037884888881273,0.09695858535665937,0.09645825122941691,0.0785353232466887,0.0797347543736399,0.08889155429139324,0.09608814105310051,0.10066654101197717,0.09004986206542039,0.08822672675245456,0.09087918301605521,0.08891211596785524,0.06997481194633402,0.09189355905484825,0.08743852915474375,0.08788403214475422,0.07540309453230751,0.08463528726375491,0.09547814465139391,0.09414163568136256,0.09325748359349563,0.08972087524202813,0.08584157228286012,0.07981700107948805,0.08434056990113262,0.08120834118675142,0.0890217782423194,0.09097513750621135,0.08434742379328662,0.09012525487911448,0.08521101420469152,0.0940045578382824,0.09787015301314231,0.0846421411559089,0.08972087524202807,0.08858998303661696,0.09621836500402663,0.08146193519644969,0.09512859615153958,0.08883672315416116,0.07106458079882112,0.08817874950737653,0.08396360583266219,0.09782902966021828,0.09360017820119598,0.08769897705659602,0.08122204897105946,0.08856256746800086,0.10145473860968794
neg_pow_7,0.09464882370075907,0.08161272082383783,0.0856016860574699,0.07611589931632425,0.0909134524768253,0.08884357704631517,0.08832268124261065,0.0898099758400302,0.09640342009218483,0.08349068727403576,0.09098884529051936,0.07536882507153748,0.09121502373160162,0.08589640342009218,0.08381282020527411,0.07957026096194376,0.08614314353763645,0.08229125614708453,0.09447062250475491,0.0864721303610288,0.08982368362433815,0.09641712787649287,0.09628690392556674,0.08582101060639812,0.09281883449563924,0.08015969568718835,0.08201710046092428,0.1020715889035486,0.09826767875807473,0.10055002484535906,0.08272990524494096,0.08856942136015486,0.07869296276623088,0.08917941776186153,0.08301091482325527,0.09554668357293397,0.07941947533455564,0.08331248607803157,0.0851219136066894,0.07873408611915492,0.09729442607220573,0.0937235482599681,0.07553331848323366,0.08076969208889496,0.09259950994671098,0.10015935299258068,0.09625948835695068,0.08723291239012355,0.09396343448535836,0.08105070166720928,0.08700673394904128,0.09785644522883433,0.07812408971744833,0.09159198780007197,0.09244187042716884,0.08339473278387965,0.0981100392385326,0.10842514693031306,0.087664707595826,0.0737033292781138,0.09921351587532769,0.09309299018179952,0.07787734959990406,0.08717808125289149,0.08792515549767824,0.08157845136306785,0.0898579530851082,0.0829903531467932,0.09875430510100924,0.09174962731961413,0.10089271945305939,0.09144805606483784,0.0893507650657117,0.0864858381453368,0.09083120577097718,0.09078322852589915,0.07917273521701138,0.09314782131903154,0.08999503092818836,0.0986240811500831,0.09686263086650335,0.08562224773393193,0.09789071468960435,0.08756189921351587,0.08455304055790683,0.08584842617501415,0.09453916142629494,0.10089957334521339,0.08325765494079954,0.08752762975274585,0.0912355854080636,0.08871335309538907,0.08569078665547197,0.07852161546238072,0.09064615068281898,0.08868593752677303,0.10026216137489077,0.09699970870958345,0.0912081698394476,0.08717808125289152
neg_exp_0,0.0823735028529326,0.10174260208015629,0.08706156508627337,0.10878840321447544,0.08904233991878137,0.08965919021264203,0.08455304055790681,0.08911773273247543,0.0920374907900824,0.08770583094875004,0.08742482137043577,0.07797330409006015,0.08734942855674166,0.09756858175836602,0.10089957334521342,0.0944432069361389,0.0832439471564915,0.09519713507307963,0.0936207398776581,0.08804167166429637,0.08356608008772985,0.0891725638697075,0.08741111358612771,0.09773307517006218,0.08944671955586779,0.09320265245626361,0.08299720703894727,0.0839293363718922,0.08642415311595074,0.09018693990850052,0.09305186682887544,0.09614297219033255,0.0899333458988023,0.0833399016466476,0.08951525847740786,0.0909408680454413,0.09224996144685664,0.08586213395932216,0.07927554359932149,0.08704100340981137,0.0859101112044002,0.08595123455732423,0.08789773992906222,0.0910231147512894,0.07904936515823922,0.08539606929284967,0.08418978427374446,0.08566337108685597,0.08662291598841693,0.09442949915183085,0.08653381539041483,0.09358647041688799,0.08844605130138275,0.08058463700073679,0.08283271362725106,0.07545792566953957,0.0879731327427563,0.08092733160843713,0.10268843919740923,0.0880965028015284,0.08824043453676256,0.08373742739158002,0.09528623567108173,0.07595140590462808,0.08710268843919741,0.09553297578862598,0.08662291598841693,0.07497815321875911,0.0956906153081681,0.09488870992614933,0.0830314764997173,0.07795959630575214,0.09861722725792908,0.08631449084148661,0.08476551121468107,0.08772639262521205,0.0746834358561368,0.07851476157022669,0.09520398896523363,0.07745926217850961,0.08933705728140368,0.08496427408714724,0.08741111358612774,0.09758228954267406,0.09214029917239251,0.08820616507599253,0.09826082486592075,0.09325748359349566,0.09531365123969776,0.09735611110159181,0.09432669076952074,0.10004283682596256,0.10118743681568174,0.09671184523911516,0.09383321053443225,0.1026541697366392,0.08438854714621064,0.09457343088706499,0.10858278644985524,0.08522472198899951
neg_exp_1,0.09210602971162248,0.09230479258408869,0.08100272442213124,0.08880930758554512,0.09038570278096673,0.08751392196843782,0.0791041962954713,0.0881102105858364,0.08610202018471237,0.08284642141155908,0.09290793509364131,0.08779493154675212,0.08155103579445179,0.08674628604718905,0.06802145268244206,0.09107109199636743,0.09214029917239251,0.08933705728140366,0.07362793646441973,0.08260653518616883,0.08663662377272492,0.08266822021555491,0.08651325371395283,0.10308596494234164,0.08814448004660645,0.09521084285738762,0.08789773992906222,0.09279827281917717,0.08789088603690821,0.08941930398725177,0.08260653518616887,0.08036531245180857,0.1094052535083361,0.08280529805863505,0.08314799266633541,0.09128356265314164,0.09155086444714793,0.08340158667603365,0.09425129795582668,0.09140693271191379,0.09878857456177928,0.07739757714912354,0.08547146210654376,0.09109850756498347,0.10356573739312215,0.08814448004660648,0.08722605849796956,0.0949778105241514,0.0953753362690838,0.09516286561230959,0.0812837340004455,0.09590308596494233,0.09115333870221554,0.08495742019499325,0.09070783571220507,0.0864926920374908,0.08788403214475415,0.09263377940748102,0.08434742379328664,0.09501207998492145,0.08489573516560717,0.0864035914394887,0.09551926800431797,0.09675982248419321,0.08591011120440019,0.09768509792498416,0.09382635664227824,0.09059817343774099,0.10017306077688867,0.08259968129401482,0.09021435547711658,0.08511505971453538,0.09220198420177858,0.1036274224225082,0.09856925001285105,0.07797330409006015,0.09838419492469286,0.07997464059903019,0.08463528726375491,0.08625965970425456,0.09324377580918762,0.0823460872843166,0.09048165727112284,0.08339473278387964,0.07548534123815559,0.07953599150117373,0.09683521529788729,0.0824763112352427,0.07051626942650055,0.0905570500848169,0.08307945374479532,0.07885745617792704,0.10564246671578623,0.0910231147512894,0.08528640701838557,0.09608814105310054,0.08006374119703225,0.09123558540806359,0.08655437706687683,0.09597847877863643
neg_exp_2,0.088672229742465,0.08558112438100789,0.08635561419441067,0.09423073627936465,0.09089289080036328,0.0970545398468155,0.09146861774129987,0.0956837614160141,0.09647881290587894,0.0949915183084594,0.0865475231747228,0.08011857233426432,0.08707527287058141,0.09072839738866707,0.09963160329672216,0.10502561642192561,0.07786364181559603,0.0909340141532873,0.08262024297047688,0.10340124398142594,0.0826545124312469,0.08981682973218413,0.09577971590617021,0.0875618992135159,0.08671201658641901,0.09296962012302737,0.08599921180240229,0.08251058069601276,0.09320950634841761,0.09379208718150822,0.09006356984972844,0.09692431589588936,0.08359349565634586,0.1000222751495005,0.1078905433423005,0.08310686931341134,0.09292849677010333,0.08457360223436883,0.08641729922379672,0.09000188482034234,0.09146861774129986,0.08941245009509774,0.07358681311149566,0.09541645962200784,0.09031030996727266,0.08457360223436886,0.09346995425026987,0.09510803447507754,0.08817874950737652,0.08530011480269359,0.08804167166429637,0.08214047051969636,0.08362776511711591,0.09000873871249636,0.0831548465584894,0.08749336029197582,0.10193451106046846,0.09153030277068593,0.09379894107366218,0.0815647435787598,0.08183204537276605,0.08713010400781344,0.08273675913709498,0.09195524408423436,0.0992203697674817,0.09662959853326707,0.09272973389763708,0.08094103939274519,0.08440910882267265,0.09055705008481693,0.08859683692877093,0.0922225458782406,0.08419663816589847,0.08911087884032144,0.08505337468514933,0.09101626085913536,0.07984441664810406,0.10426483439283081,0.08957694350679392,0.09786329912098833,0.09989205119857442,0.09249670156440087,0.08405270643066431,0.09146176384914587,0.0909408680454413,0.07937149808947756,0.08392248247973819,0.09363444766196606,0.08560853994962389,0.08396360583266223,0.09957677215949005,0.09057761176127896,0.1072736930484399,0.09148232552560785,0.08928908003632562,0.0805023902948887,0.09409365843628449,0.08772639262521205,0.0970339781703535,0.08198968489230823
neg_exp_3,0.09744521169959387,0.08299035314679323,0.09025547883004065,0.09113277702575348,0.09083120577097717,0.08012542622641834,0.0952656739946197,0.10260619249156115,0.09667757577834511,0.10082418053151933,0.08968660578125805,0.08681482496872915,0.08288069087232913,0.09773992906221618,0.07824745977622043,0.0851493291753054,0.09093401415328732,0.09206490635869846,0.09107794588852143,0.08007059508918625,0.09098884529051936,0.08488888127345316,0.09470365483799113,0.08721235071366155,0.09026233272219464,0.08615685132194446,0.09070783571220506,0.08600606569455631,0.0823735028529326,0.0843474237932866,0.08157159747091383,0.0829629375781772,0.09589623207278833,0.09909014581655558,0.07952913760901974,0.07517691609122527,0.08120834118675146,0.08153732801014377,0.08978256027141414,0.0903308716437347,0.0910231147512894,0.0832370932643375,0.07307962509209916,0.10275012422679529,0.08488202738129913,0.08728088963520163,0.10943952296910613,0.10011822963965664,0.0882747039975326,0.08570449443978001,0.09619094943541065,0.08734942855674167,0.09449803807337091,0.07970733880502387,0.09360017820119598,0.08286698308802112,0.08516989085176747,0.0873905519096657,0.08742482137043577,0.09084491355528519,0.08222957111769846,0.08554685492023786,0.07890543342300507,0.09181816624115421,0.09648566679803293,0.10174945597231032,0.09774678295437023,0.09328489916211166,0.0947927554359932,0.0863967375473347,0.091646818937304,0.08447079385205875,0.0884460513013828,0.08519730642038345,0.08776751597813608,0.08052980586350476,0.09542331351416188,0.09434725244598277,0.08677370161580508,0.08777436987029008,0.1016740631586162,0.09227737701547266,0.0795908226384058,0.08195541543153824,0.08848032076215279,0.09558095303370402,0.08225013279416049,0.10094755059029151,0.09399770394612843,0.08773324651736608,0.09087918301605523,0.08409382978358837,0.09732184164082176,0.08130429567690753,0.0822432789020065,0.09562207638662806,0.08361405733280787,0.09706824763112352,0.09527938177892768,0.0928325422799472
neg_exp_4,0.07995407892256816,0.08606089683178834,0.0882335806446086,0.08396360583266223,0.08686965610596119,0.09050221894758484,0.08545090043008172,0.09114648481006149,0.09982351227703432,0.09283939617210125,0.08914514830109149,0.09041997224173677,0.09333287640718976,0.07934408252086153,0.09117390037867755,0.09920666198317368,0.0855057315673138,0.09586196261201829,0.08838436627199676,0.09218827641747059,0.08910402494816742,0.08826785010537859,0.08786347046829218,0.08490258905776117,0.09301759736810543,0.08656123095903086,0.07418310172889428,0.0880690872329124,0.07553331848323365,0.0905296345162009,0.08300406093110127,0.09314782131903153,0.08919997943832356,0.10302427991295558,0.09536162848477578,0.08541663096931171,0.08490258905776117,0.08881616147769916,0.08684909442949916,0.08986480697726222,0.08094103939274516,0.10055002484535906,0.08930964171278766,0.08429259265605456,0.09055705008481693,0.09203749079008243,0.07813779750175631,0.0905433423005089,0.09440208358321484,0.08922054111478558,0.09665701410188313,0.08861054471307896,0.08279159027432702,0.07826116756052842,0.08850773633076889,0.10174260208015629,0.09415534346567056,0.0969585853566594,0.08629392916502464,0.07045458439711451,0.09547129075923994,0.07749353163927969,0.09383321053443228,0.09531365123969777,0.08842548962492078,0.08430630044036257,0.09345624646596186,0.09510118058292354,0.09525882010246571,0.0981443086993026,0.10404550984390262,0.09327804526995769,0.08926166446770961,0.09377152550504618,0.09150288720206992,0.09079008241805317,0.08877503812477514,0.09455972310275695,0.07745926217850961,0.07941947533455561,0.10489539247099947,0.08891211596785524,0.08887784650708523,0.07264097599424271,0.09355905484827196,0.09281198060348525,0.08824043453676256,0.0879731327427563,0.08376484296019603,0.07783622624698,0.09288737341717929,0.08488202738129919,0.0977125134936002,0.0999400284436524,0.09651308236664893,0.09692431589588939,0.08430630044036255,0.08716437346858345,0.08533438426346364,0.08564280941039393
neg_exp_5,0.08883672315416119,0.08911773273247543,0.07516320830691726,0.08427888487174656,0.08536179983207964,0.08832953513476464,0.0831754082349514,0.09811003923853258,0.08930278782063367,0.08152362022583579,0.0849985435479173,0.08797998663491027,0.09316152910333952,0.08831582735045662,0.0853001148026936,0.08789088603690823,0.08352495673480581,0.08244889566662668,0.08255855794109082,0.09953564880656608,0.09856925001285105,0.08426517708743853,0.08146878908860368,0.083744281283734,0.09763026678775207,0.10014564520827265,0.09874059731670123,0.09100940696698136,0.08750021418412977,0.09070783571220506,0.08013913401072635,0.09068727403574303,0.09331231473072774,0.08702729562550332,0.07867240108976886,0.08548516989085178,0.09358647041688799,0.08976199859495214,0.09138637103545179,0.10185226435462041,0.08595123455732423,0.08066002981443088,0.09412792789705457,0.08206507770600228,0.09000188482034233,0.08412809924435842,0.09009098541834441,0.08259282740186083,0.0829286681174072,0.06999537362279605,0.09120131594729355,0.08725347406658557,0.07673960350233891,0.09436096023029081,0.09587567039632633,0.07855588492315073,0.08825414232107062,0.07725364541388943,0.08556056270454585,0.08250372680385873,0.08290810644094519,0.0993985709634859,0.09665701410188308,0.08203080824523226,0.08464899504806293,0.08723291239012355,0.081749798666918,0.08502595911653331,0.09709566319973954,0.09049536505543088,0.09390860334812633,0.08082452322612704,0.09872688953239324,0.09148917941776187,0.08942615787940576,0.09926834701255981,0.08304518428402531,0.09539589794554582,0.08790459382121622,0.09094772193759529,0.0846489950480629,0.09371669436781413,0.08996761535957233,0.08744538304689778,0.09603330991586848,0.09619780332756464,0.08531382258700163,0.09238703928993676,0.09015267044773051,0.09002244649680438,0.09410051232843854,0.07584174363016398,0.09007042374188245,0.0869998800568873,0.08593752677301623,0.0725998526413187,0.08399787529343226,0.08964548242833402,0.09419646681859462,0.08976199859495211
neg_exp_6,0.08855571357584689,0.07948116036394166,0.0947584859752232,0.0830588920683333,0.08529326091053958,0.08717808125289149,0.08020081904011242,0.09681465362142527,0.08501225133222527,0.0843268621168246,0.09743150391528589,0.089659190212642,0.09104367642775144,0.07954284539332775,0.088679083634619,0.09167423450592006,0.08526584534192355,0.09756858175836607,0.0970545398468155,0.08521786809684549,0.09238018539778277,0.08939874231078974,0.08873391477185107,0.0819417076472302,0.08129744178475351,0.086670893233495,0.0979455458268364,0.08085193879474306,0.08891896986000929,0.09273658778979112,0.09321636024057163,0.08582101060639812,0.08444337828344269,0.08946728123232982,0.08638988365518067,0.08872706087969706,0.09384691831874026,0.09246928599578486,0.10743133256798208,0.09266804886825107,0.07570466578708382,0.09114648481006155,0.08425146930313053,0.09193468240777232,0.08877503812477511,0.09325062970134165,0.0909408680454413,0.0919004129470023,0.089659190212642,0.08735628244889568,0.09283254227994722,0.09635544284710677,0.08222271722554446,0.08863110638954097,0.09271602611332913,0.08073542262812496,0.08691077945888523,0.10040609311012491,0.0909819913983653,0.08845975908569079,0.08164013639245386,0.07780195678620995,0.0803036274224225,0.09109850756498347,0.09251726324086289,0.08275732081355701,0.09661589074895903,0.0852041603125375,0.0805846370007368,0.08530011480269357,0.09272973389763711,0.07630095440448241,0.08167440585322393,0.09450489196552492,0.0815853052552218,0.0922910847997807,0.08787032436044619,0.09710937098404757,0.09111221534929144,0.10366854577543225,0.08635561419441067,0.09468309316152916,0.09357961652473398,0.09421017460290262,0.09284625006425525,0.0813933962749096,0.08666403934134097,0.08431315433251657,0.09620465721971866,0.08609516629255841,0.08675313993934307,0.08626651359640855,0.09105053031990543,0.08949469680094582,0.08177036034337998,0.09130412432960366,0.08888470039923924,0.08117407172598141,0.09994688233580645,0.08689021778242322
neg_exp_7,0.09549870632785591,0.09958362605164406,0.08365518068573191,0.09640342009218486,0.08287383698017513,0.09288737341717929,0.09662959853326711,0.0818663148335361,0.10144103082537996,0.08004317952057025,0.08712325011565943,0.08275046692140298,0.09722588715066569,0.08115351004951939,0.08190743818646012,0.08563595551823992,0.0818457531570741,0.09285995784856328,0.10270214698171728,0.08848032076215281,0.08972087524202804,0.0893507650657117,0.0862322441356385,0.08201710046092427,0.09436096023029075,0.0934356847894998,0.08930964171278766,0.09014581655557648,0.08680797107657512,0.0893233494970957,0.08612943575332846,0.09342197700519185,0.08623909802779255,0.08502595911653331,0.08465584894021691,0.09812374702284059,0.08081081544181902,0.09658162128818903,0.08856942136015489,0.10184541046246637,0.07101660355374309,0.08569764054762598,0.08362091122496186,0.08730830520381766,0.08991278422234027,0.09735611110159183,0.08569078665547195,0.09111221534929148,0.08379225852881207,0.08514247528315143,0.09039941056527477,0.09081064409451517,0.08610202018471239,0.09613611829817859,0.08272305135278696,0.08747279861551381,0.08866537585031099,0.08730145131166363,0.07703432086496118,0.09149603330991588,0.08127002621613749,0.08316855434279745,0.08496427408714723,0.08693819502750125,0.08904233991878137,0.08352495673480578,0.08563595551823992,0.08844605130138275,0.08451191720498279,0.08928222614417163,0.08438169325405663,0.07684241188464896,0.07617073045355632,0.10632785593118689,0.08496427408714724,0.08877503812477511,0.09687633865081131,0.10240057572694092,0.09168794229022807,0.08438169325405664,0.08741111358612769,0.09610870272956254,0.091591987800072,0.09244872431932283,0.0839567519405082,0.09022806326142459,0.09436781412244481,0.09684892308219534,0.09763026678775209,0.09917239252240369,0.09825397097376674,0.08669145490995699,0.09129727043744967,0.09172221175099811,0.08951525847740782,0.09939171707133189,0.08523842977330753,0.09481331711245522,0.07577320470862389,0.08475865732252705
