,residential,instit_communal_accom,pop_density,retail,jobs_density,btwn_centrality
Acton Town,0.10541230212624118,0.0018432292843746402,6892.901620236322,0.011962055896637527,12252.574201434989,0.11310993787229534
Aldgate,0.1271116236574389,0.0029259983450204727,11821.242915299143,0.02055396035708217,205097.66067085686,0.0002914122210700157
Aldgate East,0.12903319316026163,0.0028335168114928338,14099.574177980961,0.017154162856694254,152530.8241745308,0.010971200324812446
Alperton,0.12464149770827644,0.0016690121244714987,7951.186671246746,0.009463046813058212,7080.355819025174,0.03188731420670583
Amersham,0.017045631621497002,0.00025853903204123133,2040.3276251539328,0.0007293232782699605,2178.4079952043185,0.0
Angel,0.19313276354225742,0.00275362265053901,18356.877857343774,0.013542292682233165,58557.794688482914,0.04327149139411495
Archway,0.17917098651785932,0.002306616548622565,13592.464533613123,0.01330682598600385,7042.339933329493,0.05899297154050006
Arnos Grove,0.08567608139637728,0.0007277995602310395,6294.395487763483,0.00489145196491999,2835.020496805761,0.02255444175596267
Arsenal,0.19504289364347696,0.002774109795570668,18403.424588013255,0.013235084792307415,10576.109580218881,0.0005761032377001959
Baker Street,0.16217151535364363,0.005344321680575447,13485.496428925517,0.024127243044640288,81971.76928453677,0.34100727993313495
Balham LU,0.1586724871391395,0.0010517693540409844,11206.64473059189,0.009362764460841605,5980.96659139441,0.037302684641087686
Bank and Monument,0.12045010309782277,0.0028444445148157046,4970.2491004269095,0.03373841191258114,329919.32506217295,0.2679535029820207
Barbican,0.1689643154881432,0.0031012733510416735,11518.811341336239,0.027031126385083645,257905.70326601676,0.04169680921106776
Barking,0.09174308228857753,0.0007874593171881453,11383.767482600333,0.00495601077580482,7802.00716170669,0.05899297154050006
Barkingside,0.10493791136439426,0.0010771090776427806,4556.905502387231,0.0054706768764581125,2594.3137920759596,0.011219610554211315
Barons Court,0.17434625592581973,0.002164755986240048,14373.723080740945,0.012561419878502612,28647.121352286093,0.1441316569643566
Bayswater,0.1732416670552153,0.005677557617471041,15771.203622815166,0.023695312487574748,28688.67545682631,0.07845085839382414
Becontree,0.08845536755038433,0.0007166729162110471,7474.945788428368,0.004605063532907556,1968.7570475526634,0.04459039059799516
Belsize Park,0.15228865693185492,0.0017407542420113105,16074.623003852435,0.015287220689477899,13557.999642060424,0.05182048623113262
Bermondsey,0.13883879410452127,0.0018474610522374768,16289.521938616734,0.01156618185296797,20364.54197086588,0.02293178937665636
Bethnal Green LU,0.13416151675308005,0.00265544237410351,18530.183361153762,0.012352931467028516,15968.118656121847,0.23891645954383556
Blackfriars LU,0.1414167295307982,0.0028562230447183395,6608.611342230037,0.024336882219469703,269349.17951756075,0.002138783269961977
Blackhorse Road,0.1256445056251605,0.0007225325539868147,7823.474638270087,0.00953901226447556,2991.3730443873287,0.007575757575757576
Bond Street,0.1628594123127829,0.005595148210436129,9152.411099840903,0.024742553336188414,161588.13658864915,0.2339824553702883
Borough,0.1396205070955813,0.0017771283430720274,13999.036217428078,0.011576673772393036,100692.51144124125,0.0017907208971847763
Boston Manor,0.10073135573486257,0.0016769468690127094,4528.716324823349,0.010748183757908149,4104.869537686344,0.05182048623113262
Bounds Green,0.10916277720482792,0.0007267169068592596,9244.58080649671,0.006269599333331568,3176.409369454256,0.029957368360410186
Bow Road,0.13083561479899847,0.0025991805781944454,17082.40777499576,0.012810567129336778,7974.305093852258,0.006452356262242194
Brent Cross,0.09577283917284292,0.0011280245057029925,7376.549583016428,0.0050222726130841515,5082.999707018262,0.029957368360410186
Brixton LU,0.17929264449114904,0.0024279937974024403,14628.72414207523,0.009742610629706149,10688.177936397942,0.0
Bromley-by-Bow,0.12363109160866703,0.001912606990108529,12026.869687854423,0.014347022376490567,7026.914122656204,0.0004896877520451665
Buckhurst Hill,0.010893839188770552,0.00017936424493226888,2909.6213638822082,0.0007512045718193889,1516.8108235905686,0.029957368360410186
Burnt Oak,0.09949375888600563,0.0011842315932832793,9391.234002475421,0.005160233876554761,4671.002834596257,0.007575757575757576
Caledonian Road,0.19136966256927537,0.0027509619273950684,17368.27770796367,0.013972732607628737,12007.758447438773,0.010729922802166149
Camden Town,0.15278046614561558,0.0019200816787766012,15289.526138931451,0.015727134351959767,31733.51343619584,0.14342090102546376
Canada Water,0.139338939297938,0.001768777740697176,12439.956288445406,0.01133876280035939,5826.551275998935,0.017293178937665635
Canary Wharf LU,0.13207317537945915,0.002705106479591712,14592.36390064875,0.012550308968169522,109493.25391780655,0.012009832161923386
Canning Town,0.11933815700392808,0.0015035007332296166,10326.733951405302,0.015262544712235291,6949.6713094434845,0.004666436225371586
Cannon Street LU,0.12228297883110135,0.002623985873973322,4756.214523801654,0.030737890588729704,331635.50459737884,0.007693378653454701
Canons Park,0.10748941039956901,0.0014393666064260765,5694.2098867044015,0.00473310720742893,3578.29606740344,0.007575757575757576
Chalfont & Latimer,0.017045631621497002,0.00025853903204123133,1377.6883012604608,0.0007293232782699605,1170.708916285064,0.015122709989630142
Chalk Farm,0.15263025930634502,0.0018653120512110084,15959.425604210694,0.015592777290431677,15151.31106432235,0.05899297154050006
Chancery Lane,0.15663762220135108,0.00286717660140631,9519.369888455127,0.021308952239719344,229459.17945580796,0.01066353376239306
Charing Cross LU,0.16410773516743418,0.005031051328369248,5387.099820549949,0.02255411018906955,157980.09742008554,0.005675577063409763
Chesham,0.017045631621497002,0.00025853903204123133,2197.6412767904094,0.0007293232782699605,1641.2747612904338,0.0
Chigwell,0.010713089271946917,0.00017763880599616828,1380.9647156370336,0.0007421338860570595,612.6533178755235,0.011795713791911511
Chiswick Park,0.09692456475418655,0.0015417172923162766,8102.037415874178,0.009760999303516652,13509.135893859759,0.0
Chorleywood,0.029848710609042976,0.00032759390315174967,1079.9992805775141,0.0008269812235821239,663.0439196827143,0.02255444175596267
Clapham Common,0.17835025893319167,0.002365097379213594,12261.175822726622,0.009725250842500234,7443.676112194456,0.05182048623113262
Clapham North,0.1791765409116201,0.0024202448466363632,14924.483134546304,0.009740471872997232,11296.9542142446,0.05899297154050006
Clapham South,0.16586047837209952,0.0015315081389879047,10834.019266067375,0.009495175231771331,4693.364202062662,0.04459039059799516
Cockfosters,0.08443950977776879,0.0007554095701334245,2660.6309418937144,0.004787148897872138,1572.2692160591575,0.0
Colindale,0.0980904888745259,0.0011501138858106795,10175.665841097423,0.005177788324439508,6963.774109381579,0.015093904827745133
Colliers Wood,0.11709159014915049,0.0009919290897255032,9673.621903663947,0.007588609215025446,11683.581386892612,0.015093904827745133
Covent Garden,0.15896478726035965,0.004112206257534411,6727.2476706269645,0.021274901471617317,193334.14739016403,0.0008987210508123051
Croxley,0.031437512794004835,0.00033876795726627587,2905.230649192411,0.0009024650453794236,3382.787550242897,0.007575757575757576
Dagenham East,0.08748209375158145,0.0007315875707488552,5470.435863099121,0.004579365798119383,3317.3173890073936,0.029957368360410186
Dagenham Heathway,0.08845536755038433,0.0007166729162110471,8480.147578694956,0.004605063532907556,2314.3303453048647,0.037302684641087686
Debden,0.010713089271946917,0.00017763880599616828,2588.766406230226,0.0007421338860570595,5656.453767153023,0.015093904827745133
Dollis Hill,0.129894788382635,0.0014532387542423445,10032.355437653003,0.007311876257819084,4363.104079540016,0.0010513884088028576
Ealing Broadway,0.11344917319977788,0.0021287250414979203,6700.86923466199,0.014046192962743322,9430.94351389278,0.01737911433728924
Ealing Common,0.11331545564041598,0.0021239749595939805,6231.785670311935,0.014011517064709697,3894.4609517007466,0.05692546961558364
Earl's Court,0.20255317232192793,0.004701067379905603,16980.39175368352,0.01696043497637666,19978.285659933405,0.20967780283369664
East Acton,0.13117352465764326,0.0020709731932629077,6487.454066887702,0.013476279403486387,7193.444657463872,0.055200291892307164
East Finchley,0.10482387205157531,0.001100662034557797,5752.381294258103,0.00558441078819786,2850.1576421690143,0.04459039059799516
East Ham,0.11700216619069384,0.0012808864738251455,16707.411683510192,0.01576072415416054,6034.273905604951,0.06610784652609748
East Putney,0.15715959579092584,0.0009509265360764524,10471.892107929016,0.009373801242659562,10349.089115117735,0.02255444175596267
Eastcote,0.05807880632956031,0.0012687313696058953,5046.523546845652,0.003890258870496221,2349.828693573964,0.037302684641087686
Edgware,0.0975169752797226,0.0011743710851719275,7327.552328364695,0.004979227270286819,5726.519488080032,0.0
Edgware Road,0.1628782086775975,0.0056020018923688564,18605.8124008026,0.024759366314586462,55116.6800151745,0.159361197526597
Elephant & Castle LU,0.14761841757767355,0.0019031827483845093,15689.805792273568,0.011120429104328483,43440.88327676889,0.0034734224373007623
Elm Park,0.05633320502173393,0.0012089197615606578,4830.585681562253,0.00375692931363733,1016.4858023896503,0.02255444175596267
Embankment,0.16674632846511514,0.00450323349041261,6116.75709402882,0.020118600502542213,144722.1649777766,0.020296597150209317
Epping,0.010713089271946917,0.00017763880599616828,1908.0429645473278,0.0007421338860570595,2070.551857577106,0.0
Euston LU,0.15299864918472808,0.0019132069776449754,15560.753152957192,0.015685511101582297,81017.36971421707,0.17998198991544997
Euston Square,0.15412302631326713,0.0024096167806653525,14877.20742754507,0.016928027999188848,103581.17753274631,0.07959250297653342
Fairlop,0.10478482486712598,0.0010756477137449719,3550.134620590437,0.005462994441325756,2095.216842600861,0.0042775665399239545
Farringdon,0.16359677025567854,0.002825302995339312,12112.13950835972,0.02376741537481213,226256.64216623432,0.04327149139411496
Finchley Central,0.09577283917284292,0.0011280245057029925,7570.087340090252,0.0050222726130841515,7813.028467052355,0.03741790528862772
Finchley Road,0.15248475571546422,0.0018122573599552696,16435.499830148685,0.015462627192024238,11479.440305264769,0.21275325681219218
Finsbury Park,0.17667166018431382,0.0019415120003648068,15895.748155594665,0.01084469382832955,7286.13464887277,0.09164362253715866
Fulham Broadway,0.17964613248867772,0.002641310641227166,14944.108449582347,0.013387963152126738,15624.191003179927,0.04459039059799516
Gants Hill,0.10493791136439426,0.0010771090776427806,8127.486839705373,0.0054706768764581125,3074.482202643732,0.025391750201636133
Gloucester Road,0.20820077076166985,0.005932430106288898,14731.966871820754,0.02010593462428444,33360.78365352619,0.15894471146372294
Golders Green,0.09630312667174827,0.0011337737442747029,5897.267959669708,0.005118588544758976,4423.515576339832,0.037302684641087686
Goldhawk Road,0.17358654861262027,0.0020964445732780546,13711.554724767224,0.012442939577650197,26954.509103065884,0.010735683834543144
Goodge Street,0.1562455326333923,0.0031835421306923065,12381.789446184597,0.018826568129796533,173092.42260055375,0.0006308330452817142
Grange Hill,0.016435758796812965,0.00023226741656573541,4301.596485921878,0.0010293181785531243,1146.2131363128776,0.0045656181587740525
Great Portland Street,0.1579802322392671,0.0038160622730064576,11944.06439689016,0.020378222786875896,113785.46119418213,0.08095114644544307
Green Park,0.1628782086775975,0.0056020018923688564,4035.8940286045913,0.024759366314586462,140445.55095716132,0.3367793222831244
Greenford,0.11344917319977788,0.0021287250414979203,3823.1071526647884,0.014046192962743322,5183.58918104233,0.029957368360410186
Gunnersbury,0.09011543656533422,0.0012988546797308327,6931.109227715146,0.007961405746418565,13651.902248553717,0.015093904827745133
Hainault,0.05344985790686018,0.0005856040537907309,4842.324943552892,0.0028868197901889894,2073.4306356470483,0.0008785574374927987
Hammersmith,0.15930216722296928,0.0017952541969714156,12306.190551061343,0.010979801398800431,36231.86168240142,0.14748745832396024
Hampstead,0.15228865693185492,0.0017407542420113105,9397.57664601576,0.015287220689477899,9498.706294578284,0.04459039059799516
Hanger Lane,0.11726130072023365,0.001972145926839948,4739.689448013046,0.01248516446019954,9421.398579181863,0.04459039059799516
Harlesden,0.12461139471776057,0.001673803500676726,7041.439447478956,0.009510845854854021,9932.010784792123,0.04459039059799516
Harrow & Wealdstone,0.10748941039956901,0.0014393666064260765,8574.29076500655,0.00473310720742893,6396.203854154706,0.0
Harrow-on-the-Hill,0.10825552725424,0.0014398409428224793,7394.411409020274,0.004821284181515282,11618.025357116434,0.15249285814875171
Hatton Cross,0.06360580651583242,0.001225684472926844,1016.9009343409173,0.004744396448381221,4641.6338907165355,0.015093904827745133
Heathrow Terminal 5 LU,0.05418072005403113,0.001251906501628244,150.71791677344416,0.0038231060705680975,5432.541828431474,0.0
Heathrow Terminals 123 LU,0.054194269685262905,0.0012553164591284358,176.43887350067564,0.0038239962673157113,5525.932641241849,0.007575757575757576
Hendon Central,0.09577283917284292,0.0011280245057029925,7389.178491905299,0.0050222726130841515,7162.528295384807,0.02255444175596267
High Barnet,0.09577283917284292,0.0011280245057029925,5022.17331934322,0.0050222726130841515,5036.367560294325,0.0
High Street Kensington,0.20747424521019658,0.0059271333064324526,12228.861289183886,0.020180529635457196,30421.820056551955,0.06598542458808623
Highbury & Islington,0.19800725088912077,0.002922537418448984,16246.369042427894,0.013749477586516802,11772.8658486773,0.09662691554326536
Highgate,0.15310947379969464,0.0009979083411449543,4852.894520116993,0.008886294593549962,2454.9057324654245,0.05182048623113262
Hillingdon,0.054194269685262905,0.0012553164591284358,2885.403183703211,0.0038239962673157113,9595.355775788732,0.007575757575757576
Holborn,0.1546067695092262,0.0029405460351691285,10262.232813082934,0.019218196973773853,194198.85159763054,0.020202934651603856
Holland Park,0.2124465028793907,0.005620093691035967,12076.594807663896,0.018595491259091372,12670.480818295318,0.07150401351922256
Holloway Road,0.19800725088912077,0.002922537418448984,17611.327111927185,0.013749477586516802,12007.264230319894,0.003787878787878788
Hornchurch,0.0553411315846535,0.0012241225057508227,4798.5811085656305,0.003730735204530682,2603.4790409844395,0.015093904827745133
Hounslow Central,0.08603970965876956,0.0011550518950230796,9927.524599206017,0.006938317471746751,24348.15803103381,0.029957368360410186
Hounslow East,0.08603970965876956,0.0011550518950230796,8661.76725234728,0.006938317471746751,23404.805758962924,0.037302684641087686
Hounslow West,0.08603970965876956,0.0011550518950230796,7940.8063725567135,0.006938317471746751,3181.427330306415,0.02255444175596267
Hyde Park Corner,0.1661467209284235,0.0056258312748122576,4662.233253267647,0.02442377631727076,68989.83104287657,0.059888446295290575
Ickenham,0.054194269685262905,0.0012553164591284358,2545.6600441846103,0.0038239962673157113,1476.8447018900506,0.015093904827745133
Kennington,0.15666736547374135,0.002053114989850631,15177.610861003714,0.010726802840894953,18030.752593214336,0.03834087068402655
Kensal Green,0.14510360403643294,0.0021440446989847753,9029.853482451983,0.00988653857546186,6186.32478707948,0.05899297154050006
Kensington (Olympia),0.1902450324846232,0.003594343239421675,13502.603750019118,0.015040916649356735,18795.249185309785,0.0
Kentish Town,0.15733867236675178,0.0018712924490106363,17268.933629885585,0.015117363619680033,11819.156960479128,0.07316511118792488
Kenton,0.1185912043228254,0.001446240211791965,5494.800007105298,0.0060108791153494654,9135.279463732326,0.007575757575757576
Kew Gardens,0.08056718980499204,0.0009078079708108492,4353.402761422322,0.0036951517558003813,3180.616221360852,0.007575757575757576
Kilburn,0.13604254628868565,0.0015331405011199362,13586.1877121694,0.009586133911201679,5044.819778733219,0.006553174328839728
Kilburn Park,0.14340951333865165,0.0027381009375442777,18018.099645935563,0.013825692254460271,6676.3166271690525,0.07316511118792488
King's Cross St. Pancras,0.16338616668741765,0.0020276145584448325,16588.923070401044,0.014913956386935892,69534.9164976476,0.2011169544439505
Kingsbury,0.12699729346780167,0.0014514447886245434,6032.205342546397,0.0069783862262881545,3260.4001335808466,0.02255444175596267
Knightsbridge,0.171573922138472,0.005665398773205102,5426.28706701888,0.02386654590179609,34225.07071872509,0.05619658471369514
Ladbroke Grove,0.20604653770520054,0.00571518654213731,13991.224569082597,0.019696292061513094,12360.806354426859,0.015541825095057043
Lambeth North,0.16431261184402143,0.002332206964418232,11845.334884754404,0.011026855463041451,64620.9447688038,0.004067528901179092
Lancaster Gate,0.1631903949073991,0.005604277914146541,11409.412957428738,0.02472731302306381,38655.11495561041,0.04852949648577027
Latimer Road,0.19698133525575878,0.004200058562205745,11106.626654198308,0.016091478049899077,18447.629280891982,0.010630544993662873
Leicester Square,0.1608128593026263,0.004764087785134486,6001.9213374694355,0.022636886460995344,185481.69250592415,0.005297177825694936
Leyton,0.12415549483843982,0.0008125370942326159,11511.540115042622,0.010534711315137939,8931.987595301385,0.1340880285747206
Leytonstone,0.12111316203383723,0.0007914332477495167,9919.001477235466,0.008727308330380065,4023.421940160095,0.12857184007374123
Liverpool Street LU,0.1380457255469652,0.0030366762713046913,7826.249911056481,0.028086007663998033,290002.70304369443,0.2581445909392676
London Bridge LU,0.13672024050192813,0.0019026710165373217,10987.67444728396,0.014322140806530978,200319.90198530187,0.03586722740715137
Loughton,0.010713089271946917,0.00017763880599616828,3162.524053261744,0.0007421338860570595,2279.361243205321,0.02255444175596267
Maida Vale,0.15615582202349076,0.004639708982163485,19114.529192739545,0.02102474475326562,7402.9974394878855,0.08016476552598226
Manor House,0.1619099290928212,0.001242695015210394,11683.382498413592,0.00865157704303611,4350.159247968581,0.05182048623113262
Mansion House,0.12056396828368898,0.0026717965553176475,4782.1233192764175,0.03271681200409235,331036.0982057357,0.0023140146714291203
Marble Arch,0.1628782086775975,0.0056020018923688564,9928.741576842072,0.024759366314586462,88611.40933051231,0.052302972692706555
Marylebone LU,0.1628782086775975,0.0056020018923688564,16278.576629467661,0.024759366314586462,54394.939542396554,0.0
Mile End,0.13201908879360713,0.0027119627797945857,17945.088079090943,0.012558176404669972,10104.368988790011,0.2373547396836367
Mill Hill East,0.09577283917284292,0.0011280245057029925,2845.0038107404466,0.0050222726130841515,1262.6114108370703,0.0
Moor Park,0.03113629003320173,0.0003345386100668852,714.7030568081465,0.0008368024830707105,2477.7102899391734,0.05210853784998272
Moorgate,0.14790444121282914,0.0032079705427955868,7261.359549763188,0.033287047493975847,312330.61573525576,0.08814166927284804
Morden,0.11093071409034404,0.0010006224977095175,5444.830385785194,0.007319219881660419,5608.179048430472,0.0
Mornington Crescent,0.15263062761518298,0.001865446346946025,13760.825523825217,0.015593106735438601,46542.68791801466,0.0
Neasden,0.129894788382635,0.0014532387542423445,7799.52067964853,0.007311876257819084,5002.446719970108,0.008483120175135384
Newbury Park,0.10493791136439426,0.0010771090776427806,7845.804944701815,0.0054706768764581125,3733.0504493550457,0.0182336674732112
North Acton,0.1163483556402803,0.002114350627858183,4389.047501445722,0.013903799661331567,9773.040092466897,0.06201271267811199
North Ealing,0.11344917319977788,0.0021287250414979203,5396.093209831737,0.014046192962743322,3464.3133409553357,0.038759014186770836
North Greenwich,0.09854516007776044,0.0012257031228391482,8032.360905971002,0.009254542310224741,11204.396334291585,0.00680089872105083
North Harrow,0.10748941039956901,0.0014393666064260765,5922.596484138019,0.00473310720742893,2932.903908640983,0.08016476552598226
North Wembley,0.129894788382635,0.0014532387542423445,7429.359949499727,0.007311876257819084,3252.459089839892,0.02255444175596267
Northfields,0.10871178735518375,0.0019604377134927534,7573.516722189371,0.012817684835037514,4397.281546441947,0.05899297154050006
Northolt,0.11239003499684803,0.00206466780027251,5748.077753933738,0.013196209990530674,3204.841900284316,0.02255444175596267
Northwick Park,0.12051903702409303,0.0014474338171940803,4941.070330379137,0.006232764919200508,8952.579254329312,0.14124444243265538
Northwood,0.05220140102007789,0.0011757349281061725,2940.3318502648867,0.003565817321055554,2208.9725780849108,0.05899297154050006
Northwood Hills,0.05827118000262943,0.0012693957154053439,3938.9507859545156,0.00389354038938205,2092.8159031942646,0.06610784652609748
Notting Hill Gate,0.1944820056363951,0.0058324122156602895,13808.684369110453,0.021514489954129717,19738.09769345705,0.13411443330644846
Oakwood,0.07873647841895928,0.0005679064465378422,3693.8469674393564,0.004668832569606173,1459.149541546116,0.007575757575757576
Old Street,0.17337186208256067,0.0022659525388668174,16542.411466179794,0.013749616408518513,156364.92359008922,0.04169680921106775
Osterley,0.08603970965876956,0.0011550518950230796,4499.737784409219,0.006938317471746751,3243.066276204787,0.04459039059799516
Oval,0.1709541193328496,0.0022898325678468185,14965.079576394905,0.010105333737221686,15174.009777581776,0.02890597995160731
Oxford Circus,0.16131634572791717,0.005032502843737437,9227.764766736416,0.023362310644899468,194873.5085618426,0.14661422755529202
Paddington TfL,0.1628782086775975,0.0056020018923688564,17473.951801392297,0.024759366314586462,43792.88332900354,0.18342310942120868
Park Royal,0.11558233009453533,0.0020411078733377813,3742.0904607858083,0.013172686319734695,9532.776470013974,0.03419579645815387
Parsons Green,0.17183001845605447,0.0019385007772653336,13902.183990584836,0.012168999577612832,12877.554739195735,0.037302684641087686
Perivale,0.11344917319977788,0.0021287250414979203,4198.076547822489,0.014046192962743322,4198.038919615467,0.037302684641087686
Piccadilly Circus,0.1618832058936434,0.005239195963101233,5240.492162534333,0.023869355906847512,180857.9293660446,0.011867955309019934
Pimlico,0.16527402326137197,0.00405816655222222,19277.070326972735,0.01869048107597014,59907.68926389442,0.05940104466720436
Pinner,0.10665655282980299,0.001436490405024994,3945.158103366198,0.004718900285032587,2215.9534092288236,0.07316511118792488
Plaistow,0.11700216619069384,0.0012808864738251455,12924.935465901282,0.01576072415416054,3451.16823534217,0.08016476552598226
Preston Road,0.129894788382635,0.0014532387542423445,5595.53006187614,0.007311876257819084,2668.2897068617704,0.14617012511499206
Putney Bridge,0.16402280735973906,0.0014129398748809643,11040.31180920681,0.010681468921190658,12716.942092181354,0.029957368360410186
Queen's Park,0.13666231303793483,0.0022478289083292446,15565.946659472569,0.010640151517660835,6398.619188426746,0.06610784652609748
Queensbury,0.11374043715279332,0.001443236890033419,8570.969242735735,0.0054525752894474125,3129.571757977934,0.015093904827745133
Queensway,0.17520957751868022,0.0056919048456438685,14159.052611888026,0.02349325998892347,28030.10486618826,0.04543294158313172
Ravenscourt Park,0.12924747641921658,0.0014983448788020914,10009.533207634797,0.008816298509181985,26385.716020954093,0.0029669316741560087
Rayners Lane,0.10748941039956901,0.0014393666064260765,6710.332772057772,0.00473310720742893,1875.190480676298,0.0809912450596861
Redbridge,0.10493791136439426,0.0010771090776427806,4792.429016536562,0.0054706768764581125,2021.355508155125,0.032621845834773594
Regent's Park,0.15909370071827852,0.004222064118179801,12160.953635318172,0.021374198427337232,112848.78698666576,0.022934875644001117
Richmond,0.08018700899010804,0.0008906317157960336,5102.665048513201,0.003469846152963462,10472.640505059564,0.0
Rickmansworth,0.03113629003320173,0.0003345386100668852,1788.4227843831927,0.0008368024830707105,2999.9375476139344,0.029957368360410186
Roding Valley,0.02324050909382911,0.0002972255715637812,3163.455762701757,0.0013708052050482834,1296.7411897388897,0.01902580942504897
Royal Oak,0.1645909645562631,0.005614488893099721,21457.99586746537,0.02458351146179262,28634.180212540334,0.02739514921073854
Ruislip,0.054194269685262905,0.0012553164591284358,4274.847456583475,0.0038239962673157113,3787.965122906218,0.02255444175596267
Ruislip Gardens,0.054194269685262905,0.0012553164591284358,3865.016204817908,0.0038239962673157113,1737.2667324806923,0.007575757575757576
Ruislip Manor,0.054194269685262905,0.0012553164591284358,5191.363075994167,0.0038239962673157113,3002.188404800075,0.029957368360410186
Russell Square,0.15456524631931395,0.001895675502291632,14719.517087584483,0.015494032973300379,140065.494647572,0.007278104236279137
Seven Sisters,0.15271559485430106,0.0009633821583840801,13161.74400618004,0.008595815899844384,6977.6311326145005,0.02255444175596267
Shepherd's Bush LU,0.18631929045751794,0.0032413481054582674,12497.697186615622,0.014428676792823622,19987.776753979837,0.06544052694242807
Shepherd's Bush Market,0.17586175987731958,0.0023010271718370877,13959.959226988763,0.012797770590147771,19708.413236210046,0.006661193685908515
Sloane Square,0.18555449517898007,0.005767325397979413,11642.486508156173,0.022431109804547152,41541.254626492555,0.10693447694398263
Snaresbrook,0.10860886130601699,0.0010122753577517603,5198.96295794747,0.006209764714413284,2542.5042483098637,0.0755703422053232
South Ealing,0.10915019314404345,0.0019760113106641526,7162.174173442173,0.012931373078409547,4425.8955087203885,0.06610784652609748
South Harrow,0.10812771094600729,0.001513198045788523,6525.22238897737,0.00573055424113223,3030.5106092975643,0.041271327250414706
South Kensington,0.2030864193288309,0.005895143467325778,12271.750042466847,0.020631043619419503,30219.112998920973,0.16179642249033901
South Kenton,0.12987185671813156,0.0014532245562475636,5580.157809905344,0.007309236915303188,5063.558774461943,0.015093904827745133
South Ruislip,0.05420502328140764,0.0012554749655575594,3447.63556019496,0.0038258513943761705,2879.393383680661,0.015093904827745133
South Wimbledon,0.11093071409034404,0.0010006224977095175,8169.845065973305,0.007319219881660419,11470.698059324615,0.007575757575757576
South Woodford,0.10493791136439426,0.0010771090776427806,6742.23253812446,0.0054706768764581125,3792.027565929328,0.06862829819103583
Southfields,0.1531129507800795,0.0009411005417860651,9642.464375737185,0.00916367260449203,3833.8779078250745,0.015093904827745133
Southgate,0.08292656471744836,0.0007056672652449226,5679.457862373347,0.004755761010774388,3723.655432288547,0.015093904827745133
Southwark,0.15206550729099966,0.0020489933298574563,10745.02937277845,0.011856987559990387,123249.6795767216,0.013114510120213566
St. James's Park,0.16319035736713436,0.005541642676939391,8487.785248008106,0.02447379691327561,123553.34341195089,0.02905720705150358
St. John's Wood,0.15990076456718394,0.004516342239208635,13886.576591105577,0.022096101156474618,7405.998410570481,0.003211775550178592
St. Paul's,0.13250114719096376,0.0032319916074618825,6418.169323620254,0.03931485218180963,322114.048107548,0.009978931081592674
Stamford Brook,0.1106025974137404,0.0014640014282400883,9880.926612723819,0.008990021623879109,11245.141176580395,0.0007921419518377693
Stanmore,0.10602788691174653,0.0014005298354843503,2808.8547190298027,0.00476917766046956,2180.292407532726,0.0
Stepney Green,0.13201908879360713,0.0027119627797945857,19217.33900987304,0.012558176404669972,19859.96456648999,0.0019741137611860044
Stockwell,0.17863183668298305,0.002383890358110619,16234.741450040221,0.009730437816957796,8716.547679005796,0.07691458309329033
Stonebridge Park,0.12935485878159048,0.0014754157927741203,5843.231646669895,0.007532972087398494,7642.135647205854,0.037302684641087686
Stratford,0.11720551109123,0.001290352933156497,10710.566350342244,0.015725970566995217,22766.440822452012,0.22732745708030905
Sudbury Hill,0.11422928692558826,0.0018019082474711801,5324.414700730786,0.010017866193611016,1806.2003313269884,0.0370465701739466
Sudbury Town,0.12147940582770601,0.0017988917112560672,5977.062777901713,0.010757892152503345,2843.5622755008885,0.03323948794481114
Swiss Cottage,0.15409428071881845,0.002399135330488031,15554.477127092525,0.016902315630692433,9586.383807786659,0.000561700656757691
Temple,0.1579275666865602,0.003433631215107939,6848.4783373624705,0.020012376652390827,211132.98072033984,0.007342915850520414
Theydon Bois,0.010713089271946917,0.00017763880599616828,763.2538780954042,0.0007421338860570595,184.91246316382512,0.007575757575757576
Tooting Bec,0.15693354552569758,0.0009357094271867436,10563.318219079487,0.009330731227609237,5911.613792353227,0.029957368360410186
Tooting Broadway,0.1508553984971118,0.0009442860989785403,12310.989227037384,0.00906495928860312,13500.291097138454,0.02255444175596267
Tottenham Court Road,0.15791299154877692,0.003791544430854368,9079.165412969678,0.020318077312586898,204020.2788059371,0.01892860343430689
Tottenham Hale LU,0.14367522393085214,0.0008762384087045988,8052.870585072671,0.008900655238938486,6299.973186165028,0.015093904827745133
Totteridge & Whetstone,0.09577283917284292,0.0011280245057029925,3703.3129969574165,0.0050222726130841515,3498.9068010134133,0.007575757575757576
Tower Hill,0.12884736899758228,0.0025741024983569638,10985.066736801988,0.019214187562972086,224007.20190746398,0.009014643995632619
Tufnell Park,0.16807642475891638,0.002148853371852551,13695.556726185974,0.014756199741854104,9651.274805634057,0.06610784652609748
Turnham Green,0.1016351896757061,0.0015367974685381305,9591.496620440392,0.00968791503988508,8754.054945587004,0.1307675021078064
Turnpike Lane,0.1529385343589223,0.0009552050379161057,12458.314379152624,0.008572698293949623,6469.624823448024,0.04459039059799516
Upminster,0.0553411315846535,0.0012241225057508227,2667.0213499308657,0.003730735204530682,1727.6929662186153,0.0
Upminster Bridge,0.0553411315846535,0.0012241225057508227,3920.168471795742,0.003730735204530682,2661.8545634247507,0.007575757575757576
Upney,0.0885244429905317,0.000718183440725762,8177.963638664517,0.004608691166079831,2426.198939381814,0.05182048623113262
Upton Park,0.11700216619069384,0.0012808864738251455,18784.69058598318,0.01576072415416054,5972.057143113408,0.07316511118792488
Uxbridge,0.04857053922103639,0.0011291439408122792,3955.0706589133715,0.0033311801869438076,13948.588408196734,0.0
Vauxhall LU,0.17428467803578435,0.0026489029238887123,15460.83755367684,0.011642238642882632,26439.358266674983,0.05448976456581016
Victoria LU,0.16358801452224864,0.0056071767956994084,12244.297950764854,0.024686487976302435,97490.5846034799,0.15534635235205566
Walthamstow Central,0.1252195187044962,0.0007189096823531337,13084.991611851734,0.009554058441891677,6079.97042998454,0.0
Wanstead,0.10579910082472586,0.001061899358869128,4324.453797801771,0.005644063783506184,2303.144313919669,0.03985194146791105
Warren Street,0.1554649979015976,0.0028989372700213762,13939.230562243802,0.018128395173798963,115474.50167670836,0.11718179897837708
Warwick Avenue,0.16287790107636768,0.005601963201273996,20750.650485958795,0.024759203600430366,25838.832124236185,0.08710680954026961
Waterloo LU,0.16354291015400396,0.0028598844852796446,9406.194684222282,0.0133684505191871,94613.96077440819,0.2772289022764305
Watford,0.08324193745212835,0.001066132973640627,4676.385913179284,0.012195141777083985,3630.472798416188,0.0
Wembley Central,0.129894788382635,0.0014532387542423445,9565.672014726295,0.007311876257819084,6120.271519211345,0.029957368360410186
Wembley Park,0.129894788382635,0.0014532387542423445,6963.586148681048,0.007311876257819084,9375.30491528568,0.19109177507466482
West Acton,0.11344917319977788,0.0021287250414979203,5276.3503478281455,0.014046192962743322,3928.8730406189406,0.017475131543572626
West Brompton,0.19137170524016858,0.0036956514755540192,16879.814923475482,0.015216627116690598,16732.888477491168,0.05182048623113262
West Finchley,0.09577283917284292,0.0011280245057029925,7699.038233125757,0.0050222726130841515,7253.585940592077,0.02255444175596267
West Ham,0.11711247433705299,0.0012913985726608517,7353.195962734037,0.015737199553600607,6415.864155615538,0.0941635941160653
West Hampstead LU,0.14891166284219695,0.0016973969229868244,17967.741668009232,0.014084539207736476,9344.103133922128,0.013984906095172256
West Harrow,0.10748941039956901,0.0014393666064260765,7364.384567129878,0.00473310720742893,4693.272980460672,0.07620238689630324
West Kensington,0.1832600283652222,0.0029662651721827464,15815.037749788717,0.013951568981981192,18184.752090977785,0.0
West Ruislip,0.054194269685262905,0.0012553164591284358,3115.7110871099735,0.0038239962673157113,3547.154369993327,0.0
Westbourne Park,0.1790640882017382,0.005643720871712089,19654.394363547228,0.02269084620016799,11616.0974189086,0.021173234243576422
Westminster,0.1681442894193029,0.0045837163361196085,7589.4410367606515,0.019941689434717257,116285.02690576814,0.25128697348279044
White City,0.18402026008377265,0.0030346237386601393,10683.80554354289,0.014070131066571472,18620.146016588467,0.060039559088988816
Whitechapel,0.13201908879360713,0.0027119627797945857,20634.99331741254,0.012558176404669972,35403.009206321316,0.004863545833127605
Willesden Green,0.12960223327022094,0.0014513645406483285,11380.669155058313,0.0073721147264641336,3204.674060046615,8.641548565502938e-05
Willesden Junction,0.13314220828868992,0.0017104551398662167,6891.6119037197805,0.009879624566872747,5663.729772135157,0.05182048623113262
Wimbledon,0.11093071409034404,0.0010006224977095175,7362.43472402529,0.007319219881660419,15264.51497289565,0.0
Wimbledon Park,0.12111343857855295,0.0009862539927242113,5845.154926806853,0.007764467819702816,4889.896031475774,0.007575757575757576
Wood Green,0.1529385343589223,0.0009552050379161057,10774.650860036083,0.008572698293949623,7972.637586027403,0.037302684641087686
Wood Lane,0.1830189334565232,0.0029445863840691926,11931.846904522628,0.013913968978900609,19092.660962136717,0.007001094596151639
Woodford,0.1049418700017902,0.001077039162990672,5872.7935548985015,0.0054714738856248765,2047.5952173212966,0.06262242193801129
Woodside Park,0.09577283917284292,0.0011280245057029925,7116.070183895654,0.0050222726130841515,5478.347117107368,0.015093904827745133
